metric,domain,source_summary_file,source_inventory_level,source_key,n,sheet_name,figure_id
"industrial cash | crop group, national",crops,outputs\CSVs\03-05_espac_crop_lci_table_filtered_dfe__summary_crop_group_national.csv,crop_group_national,crops aggregate proxy,42270.0,ESPAC,espac_fingerprint_matrix_by_domain
"pulses oilseeds | crop group, national",crops,outputs\CSVs\03-05_espac_crop_lci_table_filtered_dfe__summary_crop_group_national.csv,crop_group_national,crops aggregate proxy,42270.0,ESPAC,espac_fingerprint_matrix_by_domain
"cereals | crop group, national",crops,outputs\CSVs\03-05_espac_crop_lci_table_filtered_dfe__summary_crop_group_national.csv,crop_group_national,crops aggregate proxy,42270.0,ESPAC,espac_fingerprint_matrix_by_domain
"fruits | crop group, national",crops,outputs\CSVs\03-05_espac_crop_lci_table_filtered_dfe__summary_crop_group_national.csv,crop_group_national,crops aggregate proxy,42270.0,ESPAC,espac_fingerprint_matrix_by_domain
"roots tubers | crop group, national",crops,outputs\CSVs\03-05_espac_crop_lci_table_filtered_dfe__summary_crop_group_national.csv,crop_group_national,crops aggregate proxy,42270.0,ESPAC,espac_fingerprint_matrix_by_domain
"vegetables | crop group, national",crops,outputs\CSVs\03-05_espac_crop_lci_table_filtered_dfe__summary_crop_group_national.csv,crop_group_national,crops aggregate proxy,42270.0,ESPAC,espac_fingerprint_matrix_by_domain
"forages pastures | crop group, national",crops,outputs\CSVs\03-05_espac_crop_lci_table_filtered_dfe__summary_crop_group_national.csv,crop_group_national,crops aggregate proxy,42270.0,ESPAC,espac_fingerprint_matrix_by_domain
"meat poultry | livestock product, national",livestock,outputs\CSVs\03-05_espac_livestock_lci_table_filtered_dfe__summary_product.csv,livestock_product,livestock aggregate proxy,10.0,ESPAC,espac_fingerprint_matrix_by_domain
"swine live | livestock product, national",livestock,outputs\CSVs\03-05_espac_livestock_lci_table_filtered_dfe__summary_product.csv,livestock_product,livestock aggregate proxy,10.0,ESPAC,espac_fingerprint_matrix_by_domain
"cattle live | livestock product, national",livestock,outputs\CSVs\03-05_espac_livestock_lci_table_filtered_dfe__summary_product.csv,livestock_product,livestock aggregate proxy,10.0,ESPAC,espac_fingerprint_matrix_by_domain
"goat live | livestock product, national",livestock,outputs\CSVs\03-05_espac_livestock_lci_table_filtered_dfe__summary_product.csv,livestock_product,livestock aggregate proxy,10.0,ESPAC,espac_fingerprint_matrix_by_domain
"donkey live | livestock product, national",livestock,outputs\CSVs\03-05_espac_livestock_lci_table_filtered_dfe__summary_product.csv,livestock_product,livestock aggregate proxy,10.0,ESPAC,espac_fingerprint_matrix_by_domain
"milk | livestock product, national",livestock,outputs\CSVs\03-05_espac_livestock_lci_table_filtered_dfe__summary_product.csv,livestock_product,livestock aggregate proxy,10.0,ESPAC,espac_fingerprint_matrix_by_domain
"ovine live | livestock product, national",livestock,outputs\CSVs\03-05_espac_livestock_lci_table_filtered_dfe__summary_product.csv,livestock_product,livestock aggregate proxy,10.0,ESPAC,espac_fingerprint_matrix_by_domain
"horse live | livestock product, national",livestock,outputs\CSVs\03-05_espac_livestock_lci_table_filtered_dfe__summary_product.csv,livestock_product,livestock aggregate proxy,10.0,ESPAC,espac_fingerprint_matrix_by_domain
"mule live | livestock product, national",livestock,outputs\CSVs\03-05_espac_livestock_lci_table_filtered_dfe__summary_product.csv,livestock_product,livestock aggregate proxy,10.0,ESPAC,espac_fingerprint_matrix_by_domain
"eggs | livestock product, national",livestock,outputs\CSVs\03-05_espac_livestock_lci_table_filtered_dfe__summary_product.csv,livestock_product,livestock aggregate proxy,10.0,ESPAC,espac_fingerprint_matrix_by_domain
"cacao almendra seca - oriente | crop, region",crops,outputs\CSVs\03-05_espac_crop_lci_table_filtered_dfe__summary_region.csv,region,costa,4288.0,regional differences,regional_dumbbell_regions
"cacao almendra seca - oriente | crop, region",crops,outputs\CSVs\03-05_espac_crop_lci_table_filtered_dfe__summary_region.csv,region,oriente,610.0,regional differences,regional_dumbbell_regions
"cacao almendra seca - oriente | crop, region",crops,outputs\CSVs\03-05_espac_crop_lci_table_filtered_dfe__summary_region.csv,region,sierra,730.0,regional differences,regional_dumbbell_regions
"cacao almendra seca - oriente | crop, region",crops,outputs\CSVs\03-05_espac_crop_lci_table_filtered_dfe__summary_region.csv,region,costa,4288.0,regional differences,regional_dumbbell_regions
"cacao almendra seca - oriente | crop, region",crops,outputs\CSVs\03-05_espac_crop_lci_table_filtered_dfe__summary_region.csv,region,oriente,610.0,regional differences,regional_dumbbell_regions
"cacao almendra seca - oriente | crop, region",crops,outputs\CSVs\03-05_espac_crop_lci_table_filtered_dfe__summary_region.csv,region,sierra,730.0,regional differences,regional_dumbbell_regions
"cacao almendra seca - costa | crop, region",crops,outputs\CSVs\03-05_espac_crop_lci_table_filtered_dfe__summary_region.csv,region,costa,4288.0,regional differences,regional_dumbbell_regions
"cacao almendra seca - costa | crop, region",crops,outputs\CSVs\03-05_espac_crop_lci_table_filtered_dfe__summary_region.csv,region,oriente,610.0,regional differences,regional_dumbbell_regions
"cacao almendra seca - costa | crop, region",crops,outputs\CSVs\03-05_espac_crop_lci_table_filtered_dfe__summary_region.csv,region,sierra,730.0,regional differences,regional_dumbbell_regions
"cacao almendra seca - costa | crop, region",crops,outputs\CSVs\03-05_espac_crop_lci_table_filtered_dfe__summary_region.csv,region,costa,4288.0,regional differences,regional_dumbbell_regions
"cacao almendra seca - costa | crop, region",crops,outputs\CSVs\03-05_espac_crop_lci_table_filtered_dfe__summary_region.csv,region,oriente,610.0,regional differences,regional_dumbbell_regions
"cacao almendra seca - costa | crop, region",crops,outputs\CSVs\03-05_espac_crop_lci_table_filtered_dfe__summary_region.csv,region,sierra,730.0,regional differences,regional_dumbbell_regions
"cacao almendra seca - costa | crop, region",crops,outputs\CSVs\03-05_espac_crop_lci_table_filtered_dfe__summary_region.csv,region,costa,4288.0,regional differences,regional_dumbbell_regions
"cacao almendra seca - costa | crop, region",crops,outputs\CSVs\03-05_espac_crop_lci_table_filtered_dfe__summary_region.csv,region,oriente,610.0,regional differences,regional_dumbbell_regions
"cacao almendra seca - costa | crop, region",crops,outputs\CSVs\03-05_espac_crop_lci_table_filtered_dfe__summary_region.csv,region,sierra,730.0,regional differences,regional_dumbbell_regions
"cacao almendra seca - sierra | crop, region",crops,outputs\CSVs\03-05_espac_crop_lci_table_filtered_dfe__summary_region.csv,region,costa,4288.0,regional differences,regional_dumbbell_regions
"cacao almendra seca - sierra | crop, region",crops,outputs\CSVs\03-05_espac_crop_lci_table_filtered_dfe__summary_region.csv,region,oriente,610.0,regional differences,regional_dumbbell_regions
"cacao almendra seca - sierra | crop, region",crops,outputs\CSVs\03-05_espac_crop_lci_table_filtered_dfe__summary_region.csv,region,sierra,730.0,regional differences,regional_dumbbell_regions
"cacao almendra seca - sierra | crop, region",crops,outputs\CSVs\03-05_espac_crop_lci_table_filtered_dfe__summary_region.csv,region,costa,4288.0,regional differences,regional_dumbbell_regions
"cacao almendra seca - sierra | crop, region",crops,outputs\CSVs\03-05_espac_crop_lci_table_filtered_dfe__summary_region.csv,region,oriente,610.0,regional differences,regional_dumbbell_regions
"cacao almendra seca - sierra | crop, region",crops,outputs\CSVs\03-05_espac_crop_lci_table_filtered_dfe__summary_region.csv,region,sierra,730.0,regional differences,regional_dumbbell_regions
"cacao almendra seca - sierra | crop, region",crops,outputs\CSVs\03-05_espac_crop_lci_table_filtered_dfe__summary_region.csv,region,costa,4288.0,regional differences,regional_dumbbell_regions
"cacao almendra seca - sierra | crop, region",crops,outputs\CSVs\03-05_espac_crop_lci_table_filtered_dfe__summary_region.csv,region,oriente,610.0,regional differences,regional_dumbbell_regions
"cacao almendra seca - sierra | crop, region",crops,outputs\CSVs\03-05_espac_crop_lci_table_filtered_dfe__summary_region.csv,region,sierra,730.0,regional differences,regional_dumbbell_regions
"cacao almendra seca - oriente | crop, region",crops,outputs\CSVs\03-05_espac_crop_lci_table_filtered_dfe__summary_region.csv,region,costa,4288.0,regional differences,regional_dumbbell_regions
"cacao almendra seca - oriente | crop, region",crops,outputs\CSVs\03-05_espac_crop_lci_table_filtered_dfe__summary_region.csv,region,oriente,610.0,regional differences,regional_dumbbell_regions
"cacao almendra seca - oriente | crop, region",crops,outputs\CSVs\03-05_espac_crop_lci_table_filtered_dfe__summary_region.csv,region,sierra,730.0,regional differences,regional_dumbbell_regions
"arroz en cascara - orellana | crop, province",crops,outputs\CSVs\03-05_espac_crop_lci_table_filtered_dfe__summary_region.csv,region,costa,4288.0,regional differences,regional_dumbbell_provinces
"arroz en cascara - orellana | crop, province",crops,outputs\CSVs\03-05_espac_crop_lci_table_filtered_dfe__summary_region.csv,region,oriente,610.0,regional differences,regional_dumbbell_provinces
"arroz en cascara - orellana | crop, province",crops,outputs\CSVs\03-05_espac_crop_lci_table_filtered_dfe__summary_region.csv,region,sierra,730.0,regional differences,regional_dumbbell_provinces
"arroz en cascara - sucumbios | crop, province",crops,outputs\CSVs\03-05_espac_crop_lci_table_filtered_dfe__summary_region.csv,region,costa,4288.0,regional differences,regional_dumbbell_provinces
"arroz en cascara - sucumbios | crop, province",crops,outputs\CSVs\03-05_espac_crop_lci_table_filtered_dfe__summary_region.csv,region,oriente,610.0,regional differences,regional_dumbbell_provinces
"arroz en cascara - sucumbios | crop, province",crops,outputs\CSVs\03-05_espac_crop_lci_table_filtered_dfe__summary_region.csv,region,sierra,730.0,regional differences,regional_dumbbell_provinces
"arroz en cascara - cotopaxi | crop, province",crops,outputs\CSVs\03-05_espac_crop_lci_table_filtered_dfe__summary_region.csv,region,costa,4288.0,regional differences,regional_dumbbell_provinces
"arroz en cascara - cotopaxi | crop, province",crops,outputs\CSVs\03-05_espac_crop_lci_table_filtered_dfe__summary_region.csv,region,oriente,610.0,regional differences,regional_dumbbell_provinces
"arroz en cascara - cotopaxi | crop, province",crops,outputs\CSVs\03-05_espac_crop_lci_table_filtered_dfe__summary_region.csv,region,sierra,730.0,regional differences,regional_dumbbell_provinces
"arroz en cascara - manabi | crop, province",crops,outputs\CSVs\03-05_espac_crop_lci_table_filtered_dfe__summary_region.csv,region,costa,4288.0,regional differences,regional_dumbbell_provinces
"arroz en cascara - manabi | crop, province",crops,outputs\CSVs\03-05_espac_crop_lci_table_filtered_dfe__summary_region.csv,region,oriente,610.0,regional differences,regional_dumbbell_provinces
"arroz en cascara - manabi | crop, province",crops,outputs\CSVs\03-05_espac_crop_lci_table_filtered_dfe__summary_region.csv,region,sierra,730.0,regional differences,regional_dumbbell_provinces
"arroz en cascara - guayas | crop, province",crops,outputs\CSVs\03-05_espac_crop_lci_table_filtered_dfe__summary_region.csv,region,costa,4288.0,regional differences,regional_dumbbell_provinces
"arroz en cascara - guayas | crop, province",crops,outputs\CSVs\03-05_espac_crop_lci_table_filtered_dfe__summary_region.csv,region,oriente,610.0,regional differences,regional_dumbbell_provinces
"arroz en cascara - guayas | crop, province",crops,outputs\CSVs\03-05_espac_crop_lci_table_filtered_dfe__summary_region.csv,region,sierra,730.0,regional differences,regional_dumbbell_provinces
"arroz en cascara - los rios | crop, province",crops,outputs\CSVs\03-05_espac_crop_lci_table_filtered_dfe__summary_region.csv,region,costa,4288.0,regional differences,regional_dumbbell_provinces
"arroz en cascara - los rios | crop, province",crops,outputs\CSVs\03-05_espac_crop_lci_table_filtered_dfe__summary_region.csv,region,oriente,610.0,regional differences,regional_dumbbell_provinces
"arroz en cascara - los rios | crop, province",crops,outputs\CSVs\03-05_espac_crop_lci_table_filtered_dfe__summary_region.csv,region,sierra,730.0,regional differences,regional_dumbbell_provinces
"arroz en cascara - el oro | crop, province",crops,outputs\CSVs\03-05_espac_crop_lci_table_filtered_dfe__summary_region.csv,region,costa,4288.0,regional differences,regional_dumbbell_provinces
"arroz en cascara - el oro | crop, province",crops,outputs\CSVs\03-05_espac_crop_lci_table_filtered_dfe__summary_region.csv,region,oriente,610.0,regional differences,regional_dumbbell_provinces
"arroz en cascara - el oro | crop, province",crops,outputs\CSVs\03-05_espac_crop_lci_table_filtered_dfe__summary_region.csv,region,sierra,730.0,regional differences,regional_dumbbell_provinces
"arroz en cascara - loja | crop, province",crops,outputs\CSVs\03-05_espac_crop_lci_table_filtered_dfe__summary_region.csv,region,costa,4288.0,regional differences,regional_dumbbell_provinces
"arroz en cascara - loja | crop, province",crops,outputs\CSVs\03-05_espac_crop_lci_table_filtered_dfe__summary_region.csv,region,oriente,610.0,regional differences,regional_dumbbell_provinces
"arroz en cascara - loja | crop, province",crops,outputs\CSVs\03-05_espac_crop_lci_table_filtered_dfe__summary_region.csv,region,sierra,730.0,regional differences,regional_dumbbell_provinces
"arroz en cascara - bolivar | crop, province",crops,outputs\CSVs\03-05_espac_crop_lci_table_filtered_dfe__summary_region.csv,region,costa,4288.0,regional differences,regional_dumbbell_provinces
"arroz en cascara - bolivar | crop, province",crops,outputs\CSVs\03-05_espac_crop_lci_table_filtered_dfe__summary_region.csv,region,oriente,610.0,regional differences,regional_dumbbell_provinces
"arroz en cascara - bolivar | crop, province",crops,outputs\CSVs\03-05_espac_crop_lci_table_filtered_dfe__summary_region.csv,region,sierra,730.0,regional differences,regional_dumbbell_provinces
eggs | AGRIBALYSE (FR),livestock,outputs\CSVs\03-05_espac_livestock_lci_table_filtered_dfe__summary_product.csv,livestock_product,AGRIBALYSE (FR),10.0,comparisons,comparisons_eggs_all_sources
eggs | ESPAC (EC),livestock,outputs\CSVs\03-05_espac_livestock_lci_table_filtered_dfe__summary_product.csv,livestock_product,ESPAC (EC),10.0,comparisons,comparisons_eggs_all_sources
eggs | Agri-footprint (RER),livestock,outputs\CSVs\03-05_espac_livestock_lci_table_filtered_dfe__summary_product.csv,livestock_product,Agri-footprint (RER),10.0,comparisons,comparisons_eggs_all_sources
milk | Agri-footprint (BR),livestock,outputs\CSVs\03-05_espac_livestock_lci_table_filtered_dfe__summary_product.csv,livestock_product,Agri-footprint (BR),10.0,comparisons,comparisons_milk_all_sources
milk | ESPAC (EC),livestock,outputs\CSVs\03-05_espac_livestock_lci_table_filtered_dfe__summary_product.csv,livestock_product,ESPAC (EC),10.0,comparisons,comparisons_milk_all_sources
milk | ecoinvent (GLO),livestock,outputs\CSVs\03-05_espac_livestock_lci_table_filtered_dfe__summary_product.csv,livestock_product,ecoinvent (GLO),10.0,comparisons,comparisons_milk_all_sources
ABACA,crops,outputs\CSVs\03-05_espac_crop_lci_table_filtered_dfe__summary_crop_national.csv,crop_national,abaca,37.0,individual tropical crops,individual_tropical_crops_grouped_lollipop
ACHIOTE,crops,outputs\CSVs\03-05_espac_crop_lci_table_filtered_dfe__summary_crop_national.csv,crop_national,achiote,6.0,individual tropical crops,individual_tropical_crops_grouped_lollipop
AGUACATE,crops,outputs\CSVs\03-05_espac_crop_lci_table_filtered_dfe__summary_crop_national.csv,crop_national,aguacate,217.0,individual tropical crops,individual_tropical_crops_grouped_lollipop
AJI,crops,outputs\CSVs\03-05_espac_crop_lci_table_filtered_dfe__summary_crop_national.csv,crop_national,aji,13.0,individual tropical crops,individual_tropical_crops_grouped_lollipop
AJONJOLI,crops,outputs\CSVs\03-05_espac_crop_lci_table_filtered_dfe__summary_crop_national.csv,crop_national,ajonjoli,3.0,individual tropical crops,individual_tropical_crops_grouped_lollipop
ALCACHOFA,crops,outputs\CSVs\03-05_espac_crop_lci_table_filtered_dfe__summary_crop_national.csv,crop_national,alcachofa,2.0,individual tropical crops,individual_tropical_crops_grouped_lollipop
ALFALFA,crops,outputs\CSVs\03-05_espac_crop_lci_table_filtered_dfe__summary_crop_national.csv,crop_national,alfalfa,9.0,individual tropical crops,individual_tropical_crops_grouped_lollipop
APIO,crops,outputs\CSVs\03-05_espac_crop_lci_table_filtered_dfe__summary_crop_national.csv,crop_national,apio,20.0,individual tropical crops,individual_tropical_crops_grouped_lollipop
ARROZ,crops,outputs\CSVs\03-05_espac_crop_lci_table_filtered_dfe__summary_crop_national.csv,crop_national,arroz,2346.0,individual tropical crops,individual_tropical_crops_grouped_lollipop
ARVEJA SECA,crops,outputs\CSVs\03-05_espac_crop_lci_table_filtered_dfe__summary_crop_national.csv,crop_national,arveja seca,73.0,individual tropical crops,individual_tropical_crops_grouped_lollipop
ARVEJA TIERNA,crops,outputs\CSVs\03-05_espac_crop_lci_table_filtered_dfe__summary_crop_national.csv,crop_national,arveja tierna,304.0,individual tropical crops,individual_tropical_crops_grouped_lollipop
AVENA,crops,outputs\CSVs\03-05_espac_crop_lci_table_filtered_dfe__summary_crop_national.csv,crop_national,avena,27.0,individual tropical crops,individual_tropical_crops_grouped_lollipop
AVENA FORRAJERA,crops,outputs\CSVs\03-05_espac_crop_lci_table_filtered_dfe__summary_crop_national.csv,crop_national,avena forrajera,8.0,individual tropical crops,individual_tropical_crops_grouped_lollipop
BABACO,crops,outputs\CSVs\03-05_espac_crop_lci_table_filtered_dfe__summary_crop_national.csv,crop_national,babaco,13.0,individual tropical crops,individual_tropical_crops_grouped_lollipop
BAMBU O CANA GUADUA,crops,outputs\CSVs\03-05_espac_crop_lci_table_filtered_dfe__summary_crop_national.csv,crop_national,bambu o cana guadua,31.0,individual tropical crops,individual_tropical_crops_grouped_lollipop
BANANO,crops,outputs\CSVs\03-05_espac_crop_lci_table_filtered_dfe__summary_crop_national.csv,crop_national,banano,707.0,individual tropical crops,individual_tropical_crops_grouped_lollipop
BRACHIARIA,crops,outputs\CSVs\03-05_espac_crop_lci_table_filtered_dfe__summary_crop_group_national.csv,crop_group_national,forages_pastures,,individual tropical crops,individual_tropical_crops_grouped_lollipop
BROCOLI,crops,outputs\CSVs\03-05_espac_crop_lci_table_filtered_dfe__summary_crop_national.csv,crop_national,brocoli,283.0,individual tropical crops,individual_tropical_crops_grouped_lollipop
CACAO,crops,outputs\CSVs\03-05_espac_crop_lci_table_filtered_dfe__summary_crop_national.csv,crop_national,cacao,5628.0,individual tropical crops,individual_tropical_crops_grouped_lollipop
CACAO CCN51 O RAMILLA,crops,outputs\CSVs\03-05_espac_crop_lci_table_filtered_dfe__summary_crop_national.csv,crop_national,cacao ccn51 o ramilla,1.0,individual tropical crops,individual_tropical_crops_grouped_lollipop
CAFE,crops,outputs\CSVs\03-05_espac_crop_lci_table_filtered_dfe__summary_crop_national.csv,crop_national,cafe,522.0,individual tropical crops,individual_tropical_crops_grouped_lollipop
CAMOTE,crops,outputs\CSVs\03-05_espac_crop_lci_table_filtered_dfe__summary_crop_national.csv,crop_national,camote,12.0,individual tropical crops,individual_tropical_crops_grouped_lollipop
CANA DE AZUCAR / AZUCAR,crops,outputs\CSVs\03-05_espac_crop_lci_table_filtered_dfe__summary_crop_national.csv,crop_national,cana de azucar / azucar,124.0,individual tropical crops,individual_tropical_crops_grouped_lollipop
CANA DE AZUCAR / OTROS USOS,crops,outputs\CSVs\03-05_espac_crop_lci_table_filtered_dfe__summary_crop_national.csv,crop_national,cana de azucar / otros usos,407.0,individual tropical crops,individual_tropical_crops_grouped_lollipop
CANA DE AZUCAR /BIOCOMBUSTIBLE,crops,outputs\CSVs\03-05_espac_crop_lci_table_filtered_dfe__summary_crop_national.csv,crop_national,cana de azucar /biocombustible,7.0,individual tropical crops,individual_tropical_crops_grouped_lollipop
CAUCHO,crops,outputs\CSVs\03-05_espac_crop_lci_table_filtered_dfe__summary_crop_national.csv,crop_national,caucho,8.0,individual tropical crops,individual_tropical_crops_grouped_lollipop
CEBADA,crops,outputs\CSVs\03-05_espac_crop_lci_table_filtered_dfe__summary_crop_national.csv,crop_national,cebada,276.0,individual tropical crops,individual_tropical_crops_grouped_lollipop
CEBADA FORRAJERA,crops,outputs\CSVs\03-05_espac_crop_lci_table_filtered_dfe__summary_crop_national.csv,crop_national,cebada forrajera,4.0,individual tropical crops,individual_tropical_crops_grouped_lollipop
CEBOLLA BLANCA,crops,outputs\CSVs\03-05_espac_crop_lci_table_filtered_dfe__summary_crop_national.csv,crop_national,cebolla blanca,527.0,individual tropical crops,individual_tropical_crops_grouped_lollipop
CEBOLLA COLORADA,crops,outputs\CSVs\03-05_espac_crop_lci_table_filtered_dfe__summary_crop_national.csv,crop_national,cebolla colorada,84.0,individual tropical crops,individual_tropical_crops_grouped_lollipop
CEBOLLA PERLA,crops,outputs\CSVs\03-05_espac_crop_lci_table_filtered_dfe__summary_crop_national.csv,crop_national,cebolla perla,12.0,individual tropical crops,individual_tropical_crops_grouped_lollipop
CENTENO,crops,outputs\CSVs\03-05_espac_crop_lci_table_filtered_dfe__summary_crop_national.csv,crop_national,centeno,5.0,individual tropical crops,individual_tropical_crops_grouped_lollipop
CHIRIMOYA,crops,outputs\CSVs\03-05_espac_crop_lci_table_filtered_dfe__summary_crop_national.csv,crop_national,chirimoya,4.0,individual tropical crops,individual_tropical_crops_grouped_lollipop
CHOCHO,crops,outputs\CSVs\03-05_espac_crop_lci_table_filtered_dfe__summary_crop_national.csv,crop_national,chocho,176.0,individual tropical crops,individual_tropical_crops_grouped_lollipop
CILANTRO,crops,outputs\CSVs\03-05_espac_crop_lci_table_filtered_dfe__summary_crop_national.csv,crop_national,cilantro,147.0,individual tropical crops,individual_tropical_crops_grouped_lollipop
CIRUELO,crops,outputs\CSVs\03-05_espac_crop_lci_table_filtered_dfe__summary_crop_national.csv,crop_national,ciruelo,14.0,individual tropical crops,individual_tropical_crops_grouped_lollipop
CLAUDIA,crops,outputs\CSVs\03-05_espac_crop_lci_table_filtered_dfe__summary_crop_national.csv,crop_national,claudia,78.0,individual tropical crops,individual_tropical_crops_grouped_lollipop
COCO,crops,outputs\CSVs\03-05_espac_crop_lci_table_filtered_dfe__summary_crop_national.csv,crop_national,coco,69.0,individual tropical crops,individual_tropical_crops_grouped_lollipop
COL,crops,outputs\CSVs\03-05_espac_crop_lci_table_filtered_dfe__summary_crop_national.csv,crop_national,col,82.0,individual tropical crops,individual_tropical_crops_grouped_lollipop
COLIFLOR,crops,outputs\CSVs\03-05_espac_crop_lci_table_filtered_dfe__summary_crop_national.csv,crop_national,coliflor,21.0,individual tropical crops,individual_tropical_crops_grouped_lollipop
DURAZNO,crops,outputs\CSVs\03-05_espac_crop_lci_table_filtered_dfe__summary_crop_national.csv,crop_national,durazno,22.0,individual tropical crops,individual_tropical_crops_grouped_lollipop
ESPARRAGO,crops,outputs\CSVs\03-05_espac_crop_lci_table_filtered_dfe__summary_crop_national.csv,crop_national,esparrago,4.0,individual tropical crops,individual_tropical_crops_grouped_lollipop
FREJOL SECO,crops,outputs\CSVs\03-05_espac_crop_lci_table_filtered_dfe__summary_crop_group_national.csv,crop_group_national,pulses_oilseeds,,individual tropical crops,individual_tropical_crops_grouped_lollipop
FREJOL TIERNO,crops,outputs\CSVs\03-05_espac_crop_lci_table_filtered_dfe__summary_crop_national.csv,crop_national,frejol tierno,295.0,individual tropical crops,individual_tropical_crops_grouped_lollipop
FRUTILLAS O FRESAS,crops,outputs\CSVs\03-05_espac_crop_lci_table_filtered_dfe__summary_crop_national.csv,crop_national,frutillas o fresas,59.0,individual tropical crops,individual_tropical_crops_grouped_lollipop
GRAMALOTE,crops,outputs\CSVs\03-05_espac_crop_lci_table_filtered_dfe__summary_crop_group_national.csv,crop_group_national,forages_pastures,,individual tropical crops,individual_tropical_crops_grouped_lollipop
GRANADILLA,crops,outputs\CSVs\03-05_espac_crop_lci_table_filtered_dfe__summary_crop_national.csv,crop_national,granadilla,66.0,individual tropical crops,individual_tropical_crops_grouped_lollipop
GUABA,crops,outputs\CSVs\03-05_espac_crop_lci_table_filtered_dfe__summary_crop_national.csv,crop_national,guaba,7.0,individual tropical crops,individual_tropical_crops_grouped_lollipop
GUANABANA,crops,outputs\CSVs\03-05_espac_crop_lci_table_filtered_dfe__summary_crop_national.csv,crop_national,guanabana,12.0,individual tropical crops,individual_tropical_crops_grouped_lollipop
GUAYABA,crops,outputs\CSVs\03-05_espac_crop_lci_table_filtered_dfe__summary_crop_national.csv,crop_national,guayaba,9.0,individual tropical crops,individual_tropical_crops_grouped_lollipop
HABA SECA,crops,outputs\CSVs\03-05_espac_crop_lci_table_filtered_dfe__summary_crop_national.csv,crop_national,haba seca,265.0,individual tropical crops,individual_tropical_crops_grouped_lollipop
HABA TIERNA,crops,outputs\CSVs\03-05_espac_crop_lci_table_filtered_dfe__summary_crop_national.csv,crop_national,haba tierna,340.0,individual tropical crops,individual_tropical_crops_grouped_lollipop
HUERTO FRUTAL,crops,outputs\CSVs\03-05_espac_crop_lci_table_filtered_dfe__summary_crop_national.csv,crop_national,huerto frutal,875.0,individual tropical crops,individual_tropical_crops_grouped_lollipop
HUERTO HORTICOLA,crops,outputs\CSVs\03-05_espac_crop_lci_table_filtered_dfe__summary_crop_national.csv,crop_national,huerto horticola,347.0,individual tropical crops,individual_tropical_crops_grouped_lollipop
LECHUGA,crops,outputs\CSVs\03-05_espac_crop_lci_table_filtered_dfe__summary_crop_national.csv,crop_national,lechuga,104.0,individual tropical crops,individual_tropical_crops_grouped_lollipop
LENTEJA,crops,outputs\CSVs\03-05_espac_crop_lci_table_filtered_dfe__summary_crop_national.csv,crop_national,lenteja,3.0,individual tropical crops,individual_tropical_crops_grouped_lollipop
LIMON,crops,outputs\CSVs\03-05_espac_crop_lci_table_filtered_dfe__summary_crop_national.csv,crop_national,limon,255.0,individual tropical crops,individual_tropical_crops_grouped_lollipop
MAIZ DURO CHOCLO,crops,outputs\CSVs\03-05_espac_crop_lci_table_filtered_dfe__summary_crop_national.csv,crop_national,maiz duro choclo,87.0,individual tropical crops,individual_tropical_crops_grouped_lollipop
MAIZ DURO SECO,crops,outputs\CSVs\03-05_espac_crop_lci_table_filtered_dfe__summary_crop_group_national.csv,crop_group_national,cereals,,individual tropical crops,individual_tropical_crops_grouped_lollipop
MAIZ SUAVE CHOCLO,crops,outputs\CSVs\03-05_espac_crop_lci_table_filtered_dfe__summary_crop_national.csv,crop_national,maiz suave choclo,837.0,individual tropical crops,individual_tropical_crops_grouped_lollipop
MAIZ SUAVE SECO,crops,outputs\CSVs\03-05_espac_crop_lci_table_filtered_dfe__summary_crop_group_national.csv,crop_group_national,cereals,,individual tropical crops,individual_tropical_crops_grouped_lollipop
MANDARINA,crops,outputs\CSVs\03-05_espac_crop_lci_table_filtered_dfe__summary_crop_national.csv,crop_national,mandarina,128.0,individual tropical crops,individual_tropical_crops_grouped_lollipop
MANGO,crops,outputs\CSVs\03-05_espac_crop_lci_table_filtered_dfe__summary_crop_national.csv,crop_national,mango,79.0,individual tropical crops,individual_tropical_crops_grouped_lollipop
MANI,crops,outputs\CSVs\03-05_espac_crop_lci_table_filtered_dfe__summary_crop_national.csv,crop_national,mani,88.0,individual tropical crops,individual_tropical_crops_grouped_lollipop
MANZANA,crops,outputs\CSVs\03-05_espac_crop_lci_table_filtered_dfe__summary_crop_national.csv,crop_national,manzana,58.0,individual tropical crops,individual_tropical_crops_grouped_lollipop
MARACUYA,crops,outputs\CSVs\03-05_espac_crop_lci_table_filtered_dfe__summary_crop_national.csv,crop_national,maracuya,157.0,individual tropical crops,individual_tropical_crops_grouped_lollipop
MASHUA,crops,outputs\CSVs\03-05_espac_crop_lci_table_filtered_dfe__summary_crop_national.csv,crop_national,mashua,2.0,individual tropical crops,individual_tropical_crops_grouped_lollipop
MELLOCO,crops,outputs\CSVs\03-05_espac_crop_lci_table_filtered_dfe__summary_crop_national.csv,crop_national,melloco,43.0,individual tropical crops,individual_tropical_crops_grouped_lollipop
MELON,crops,outputs\CSVs\03-05_espac_crop_lci_table_filtered_dfe__summary_crop_national.csv,crop_national,melon,8.0,individual tropical crops,individual_tropical_crops_grouped_lollipop
MORA,crops,outputs\CSVs\03-05_espac_crop_lci_table_filtered_dfe__summary_crop_national.csv,crop_national,mora,243.0,individual tropical crops,individual_tropical_crops_grouped_lollipop
NABO,crops,outputs\CSVs\03-05_espac_crop_lci_table_filtered_dfe__summary_crop_national.csv,crop_national,nabo,8.0,individual tropical crops,individual_tropical_crops_grouped_lollipop
NARANJA,crops,outputs\CSVs\03-05_espac_crop_lci_table_filtered_dfe__summary_crop_national.csv,crop_national,naranja,149.0,individual tropical crops,individual_tropical_crops_grouped_lollipop
NARANJILLA,crops,outputs\CSVs\03-05_espac_crop_lci_table_filtered_dfe__summary_crop_national.csv,crop_national,naranjilla,74.0,individual tropical crops,individual_tropical_crops_grouped_lollipop
OCA,crops,outputs\CSVs\03-05_espac_crop_lci_table_filtered_dfe__summary_crop_national.csv,crop_national,oca,8.0,individual tropical crops,individual_tropical_crops_grouped_lollipop
ORITO,crops,outputs\CSVs\03-05_espac_crop_lci_table_filtered_dfe__summary_crop_national.csv,crop_national,orito,93.0,individual tropical crops,individual_tropical_crops_grouped_lollipop
OTROS PASTOS CULTIVADOS,crops,outputs\CSVs\03-05_espac_crop_lci_table_filtered_dfe__summary_crop_group_national.csv,crop_group_national,forages_pastures,,individual tropical crops,individual_tropical_crops_grouped_lollipop
OTROS PERMANENTES,crops,outputs\CSVs\03-05_espac_crop_lci_table_filtered_dfe__summary_crop_national.csv,crop_national,otros permanentes,1899.0,individual tropical crops,individual_tropical_crops_grouped_lollipop
OTROS TRANSITORIOS,crops,outputs\CSVs\03-05_espac_crop_lci_table_filtered_dfe__summary_crop_group_national.csv,crop_group_national,vegetables,,individual tropical crops,individual_tropical_crops_grouped_lollipop
PAJA TOQUILLA,crops,outputs\CSVs\03-05_espac_crop_lci_table_filtered_dfe__summary_crop_national.csv,crop_national,paja toquilla,6.0,individual tropical crops,individual_tropical_crops_grouped_lollipop
PALMA AFRICANA,crops,outputs\CSVs\03-05_espac_crop_lci_table_filtered_dfe__summary_crop_national.csv,crop_national,palma africana,586.0,individual tropical crops,individual_tropical_crops_grouped_lollipop
PALMITO,crops,outputs\CSVs\03-05_espac_crop_lci_table_filtered_dfe__summary_crop_national.csv,crop_national,palmito,52.0,individual tropical crops,individual_tropical_crops_grouped_lollipop
PAPA,crops,outputs\CSVs\03-05_espac_crop_lci_table_filtered_dfe__summary_crop_national.csv,crop_national,papa,718.0,individual tropical crops,individual_tropical_crops_grouped_lollipop
"PAPA CHINA, PELMA",crops,outputs\CSVs\03-05_espac_crop_lci_table_filtered_dfe__summary_crop_national.csv,crop_national,"papa china, pelma",71.0,individual tropical crops,individual_tropical_crops_grouped_lollipop
PAPAYA,crops,outputs\CSVs\03-05_espac_crop_lci_table_filtered_dfe__summary_crop_national.csv,crop_national,papaya,46.0,individual tropical crops,individual_tropical_crops_grouped_lollipop
PASTO AZUL,crops,outputs\CSVs\03-05_espac_crop_lci_table_filtered_dfe__summary_crop_national.csv,crop_national,pasto azul,2.0,individual tropical crops,individual_tropical_crops_grouped_lollipop
PASTO MIEL,crops,outputs\CSVs\03-05_espac_crop_lci_table_filtered_dfe__summary_crop_group_national.csv,crop_group_national,forages_pastures,,individual tropical crops,individual_tropical_crops_grouped_lollipop
PASTO MIXTO,crops,outputs\CSVs\03-05_espac_crop_lci_table_filtered_dfe__summary_crop_national.csv,crop_national,pasto mixto,12.0,individual tropical crops,individual_tropical_crops_grouped_lollipop
PEPINILLO,crops,outputs\CSVs\03-05_espac_crop_lci_table_filtered_dfe__summary_crop_national.csv,crop_national,pepinillo,12.0,individual tropical crops,individual_tropical_crops_grouped_lollipop
PEPINO DULCE,crops,outputs\CSVs\03-05_espac_crop_lci_table_filtered_dfe__summary_crop_national.csv,crop_national,pepino dulce,6.0,individual tropical crops,individual_tropical_crops_grouped_lollipop
PERA,crops,outputs\CSVs\03-05_espac_crop_lci_table_filtered_dfe__summary_crop_national.csv,crop_national,pera,24.0,individual tropical crops,individual_tropical_crops_grouped_lollipop
PEREJIL,crops,outputs\CSVs\03-05_espac_crop_lci_table_filtered_dfe__summary_crop_national.csv,crop_national,perejil,25.0,individual tropical crops,individual_tropical_crops_grouped_lollipop
PIMIENTA NEGRA,crops,outputs\CSVs\03-05_espac_crop_lci_table_filtered_dfe__summary_crop_national.csv,crop_national,pimienta negra,9.0,individual tropical crops,individual_tropical_crops_grouped_lollipop
PIMIENTO,crops,outputs\CSVs\03-05_espac_crop_lci_table_filtered_dfe__summary_crop_national.csv,crop_national,pimiento,73.0,individual tropical crops,individual_tropical_crops_grouped_lollipop
PINA,crops,outputs\CSVs\03-05_espac_crop_lci_table_filtered_dfe__summary_crop_national.csv,crop_national,pina,53.0,individual tropical crops,individual_tropical_crops_grouped_lollipop
PITAHAYA AMARILLA,crops,outputs\CSVs\03-05_espac_crop_lci_table_filtered_dfe__summary_crop_national.csv,crop_national,pitahaya amarilla,38.0,individual tropical crops,individual_tropical_crops_grouped_lollipop
PITAHAYA ROJA,crops,outputs\CSVs\03-05_espac_crop_lci_table_filtered_dfe__summary_crop_national.csv,crop_national,pitahaya roja,46.0,individual tropical crops,individual_tropical_crops_grouped_lollipop
PLANTAS MEDICINALES,crops,outputs\CSVs\03-05_espac_crop_lci_table_filtered_dfe__summary_crop_national.csv,crop_national,plantas medicinales,25.0,individual tropical crops,individual_tropical_crops_grouped_lollipop
PLATANO,crops,outputs\CSVs\03-05_espac_crop_lci_table_filtered_dfe__summary_crop_national.csv,crop_national,platano,1718.0,individual tropical crops,individual_tropical_crops_grouped_lollipop
QUINUA,crops,outputs\CSVs\03-05_espac_crop_lci_table_filtered_dfe__summary_crop_national.csv,crop_national,quinua,41.0,individual tropical crops,individual_tropical_crops_grouped_lollipop
RAIGRAS,crops,outputs\CSVs\03-05_espac_crop_lci_table_filtered_dfe__summary_crop_national.csv,crop_national,raigras,4.0,individual tropical crops,individual_tropical_crops_grouped_lollipop
REMOLACHA,crops,outputs\CSVs\03-05_espac_crop_lci_table_filtered_dfe__summary_crop_national.csv,crop_national,remolacha,29.0,individual tropical crops,individual_tropical_crops_grouped_lollipop
SABILA,crops,outputs\CSVs\03-05_espac_crop_lci_table_filtered_dfe__summary_crop_national.csv,crop_national,sabila,2.0,individual tropical crops,individual_tropical_crops_grouped_lollipop
SABOYA,crops,outputs\CSVs\03-05_espac_crop_lci_table_filtered_dfe__summary_crop_group_national.csv,crop_group_national,forages_pastures,,individual tropical crops,individual_tropical_crops_grouped_lollipop
SACHA INCHI,crops,outputs\CSVs\03-05_espac_crop_lci_table_filtered_dfe__summary_crop_national.csv,crop_national,sacha inchi,1.0,individual tropical crops,individual_tropical_crops_grouped_lollipop
SANDIA,crops,outputs\CSVs\03-05_espac_crop_lci_table_filtered_dfe__summary_crop_national.csv,crop_national,sandia,7.0,individual tropical crops,individual_tropical_crops_grouped_lollipop
SOYA,crops,outputs\CSVs\03-05_espac_crop_lci_table_filtered_dfe__summary_crop_national.csv,crop_national,soya,80.0,individual tropical crops,individual_tropical_crops_grouped_lollipop
TABACO,crops,outputs\CSVs\03-05_espac_crop_lci_table_filtered_dfe__summary_crop_national.csv,crop_national,tabaco,31.0,individual tropical crops,individual_tropical_crops_grouped_lollipop
TAXO,crops,outputs\CSVs\03-05_espac_crop_lci_table_filtered_dfe__summary_crop_national.csv,crop_national,taxo,4.0,individual tropical crops,individual_tropical_crops_grouped_lollipop
TE,crops,outputs\CSVs\03-05_espac_crop_lci_table_filtered_dfe__summary_crop_national.csv,crop_national,te,1.0,individual tropical crops,individual_tropical_crops_grouped_lollipop
TOMATE DE ARBOL,crops,outputs\CSVs\03-05_espac_crop_lci_table_filtered_dfe__summary_crop_national.csv,crop_national,tomate de arbol,101.0,individual tropical crops,individual_tropical_crops_grouped_lollipop
TOMATE RINON,crops,outputs\CSVs\03-05_espac_crop_lci_table_filtered_dfe__summary_crop_national.csv,crop_national,tomate rinon,209.0,individual tropical crops,individual_tropical_crops_grouped_lollipop
TOMATILLO,crops,outputs\CSVs\03-05_espac_crop_lci_table_filtered_dfe__summary_crop_national.csv,crop_national,tomatillo,3.0,individual tropical crops,individual_tropical_crops_grouped_lollipop
TRIGO,crops,outputs\CSVs\03-05_espac_crop_lci_table_filtered_dfe__summary_crop_national.csv,crop_national,trigo,70.0,individual tropical crops,individual_tropical_crops_grouped_lollipop
TUNA,crops,outputs\CSVs\03-05_espac_crop_lci_table_filtered_dfe__summary_crop_national.csv,crop_national,tuna,4.0,individual tropical crops,individual_tropical_crops_grouped_lollipop
UVA,crops,outputs\CSVs\03-05_espac_crop_lci_table_filtered_dfe__summary_crop_national.csv,crop_national,uva,10.0,individual tropical crops,individual_tropical_crops_grouped_lollipop
UVILLA,crops,outputs\CSVs\03-05_espac_crop_lci_table_filtered_dfe__summary_crop_national.csv,crop_national,uvilla,6.0,individual tropical crops,individual_tropical_crops_grouped_lollipop
VAINITA,crops,outputs\CSVs\03-05_espac_crop_lci_table_filtered_dfe__summary_crop_national.csv,crop_national,vainita,11.0,individual tropical crops,individual_tropical_crops_grouped_lollipop
VICIA FORRAJERA,crops,outputs\CSVs\03-05_espac_crop_lci_table_filtered_dfe__summary_crop_national.csv,crop_national,vicia forrajera,12.0,individual tropical crops,individual_tropical_crops_grouped_lollipop
VIVEROS DE PERMANENTES,crops,outputs\CSVs\03-05_espac_crop_lci_table_filtered_dfe__summary_crop_national.csv,crop_national,viveros de permanentes,68.0,individual tropical crops,individual_tropical_crops_grouped_lollipop
VIVEROS TRANSITORIOS,crops,outputs\CSVs\03-05_espac_crop_lci_table_filtered_dfe__summary_crop_national.csv,crop_national,viveros transitorios,12.0,individual tropical crops,individual_tropical_crops_grouped_lollipop
YUCA,crops,outputs\CSVs\03-05_espac_crop_lci_table_filtered_dfe__summary_crop_national.csv,crop_national,yuca,329.0,individual tropical crops,individual_tropical_crops_grouped_lollipop
ZANAHORIA AMARILLA,crops,outputs\CSVs\03-05_espac_crop_lci_table_filtered_dfe__summary_crop_national.csv,crop_national,zanahoria amarilla,51.0,individual tropical crops,individual_tropical_crops_grouped_lollipop
ZANAHORIA BLANCA,crops,outputs\CSVs\03-05_espac_crop_lci_table_filtered_dfe__summary_crop_national.csv,crop_national,zanahoria blanca,10.0,individual tropical crops,individual_tropical_crops_grouped_lollipop
ZAPALLO,crops,outputs\CSVs\03-05_espac_crop_lci_table_filtered_dfe__summary_crop_national.csv,crop_national,zapallo,12.0,individual tropical crops,individual_tropical_crops_grouped_lollipop
Puntuación única,other,outputs\CSVs\03-05_espac_crop_lci_table_filtered_dfe__summary_crop_national.csv,uncertainty,puntuacion unica,4045.0,uncertainty,uncertainty_interval_forest
Daño de categoría,other,outputs\CSVs\03-05_espac_crop_lci_table_filtered_dfe__summary_crop_national.csv,uncertainty,dano de categoria,4045.0,uncertainty,uncertainty_interval_forest
Ecosystem quality,other,outputs\CSVs\03-05_espac_crop_lci_table_filtered_dfe__summary_crop_national.csv,uncertainty,ecosystem quality,4045.0,uncertainty,uncertainty_interval_forest
Human health,other,outputs\CSVs\03-05_espac_crop_lci_table_filtered_dfe__summary_crop_national.csv,uncertainty,human health,4045.0,uncertainty,uncertainty_interval_forest
Categoría de impacto,other,outputs\CSVs\03-05_espac_crop_lci_table_filtered_dfe__summary_crop_national.csv,uncertainty,categoria de impacto,4045.0,uncertainty,uncertainty_interval_forest
CC. EQ. mar. LT. biogenic (beta),other,outputs\CSVs\03-05_espac_crop_lci_table_filtered_dfe__summary_crop_national.csv,uncertainty,cc. eq. mar. lt. biogenic (beta),4045.0,uncertainty,uncertainty_interval_forest
CC. EQ. mar. LT. CO2 uptake (beta),other,outputs\CSVs\03-05_espac_crop_lci_table_filtered_dfe__summary_crop_national.csv,uncertainty,cc. eq. mar. lt. co2 uptake (beta),4045.0,uncertainty,uncertainty_interval_forest
CC. EQ. mar. LT. fossil (beta),other,outputs\CSVs\03-05_espac_crop_lci_table_filtered_dfe__summary_crop_national.csv,uncertainty,cc. eq. mar. lt. fossil (beta),4045.0,uncertainty,uncertainty_interval_forest
CC. EQ. mar. LT. land transformation (be,other,outputs\CSVs\03-05_espac_crop_lci_table_filtered_dfe__summary_crop_national.csv,uncertainty,cc. eq. mar. lt. land transformation (be,4045.0,uncertainty,uncertainty_interval_forest
CC. EQ. mar. ST. biogenic (beta),other,outputs\CSVs\03-05_espac_crop_lci_table_filtered_dfe__summary_crop_national.csv,uncertainty,cc. eq. mar. st. biogenic (beta),4045.0,uncertainty,uncertainty_interval_forest
CC. EQ. mar. ST. CO2 uptake (beta),other,outputs\CSVs\03-05_espac_crop_lci_table_filtered_dfe__summary_crop_national.csv,uncertainty,cc. eq. mar. st. co2 uptake (beta),4045.0,uncertainty,uncertainty_interval_forest
CC. EQ. mar. ST. fossil (beta),other,outputs\CSVs\03-05_espac_crop_lci_table_filtered_dfe__summary_crop_national.csv,uncertainty,cc. eq. mar. st. fossil (beta),4045.0,uncertainty,uncertainty_interval_forest
CC. EQ. mar. ST. land transformation (be,other,outputs\CSVs\03-05_espac_crop_lci_table_filtered_dfe__summary_crop_national.csv,uncertainty,cc. eq. mar. st. land transformation (be,4045.0,uncertainty,uncertainty_interval_forest
CC. EQ. terr. LT. biogenic,other,outputs\CSVs\03-05_espac_crop_lci_table_filtered_dfe__summary_crop_national.csv,uncertainty,cc. eq. terr. lt. biogenic,4045.0,uncertainty,uncertainty_interval_forest
CC. EQ. terr. LT. CO2 uptake,other,outputs\CSVs\03-05_espac_crop_lci_table_filtered_dfe__summary_crop_national.csv,uncertainty,cc. eq. terr. lt. co2 uptake,4045.0,uncertainty,uncertainty_interval_forest
CC. EQ. terr. LT. fossil,other,outputs\CSVs\03-05_espac_crop_lci_table_filtered_dfe__summary_crop_national.csv,uncertainty,cc. eq. terr. lt. fossil,4045.0,uncertainty,uncertainty_interval_forest
CC. EQ. terr. LT. land transformation,other,outputs\CSVs\03-05_espac_crop_lci_table_filtered_dfe__summary_crop_national.csv,uncertainty,cc. eq. terr. lt. land transformation,4045.0,uncertainty,uncertainty_interval_forest
CC. EQ. terr. ST. biogenic,other,outputs\CSVs\03-05_espac_crop_lci_table_filtered_dfe__summary_crop_national.csv,uncertainty,cc. eq. terr. st. biogenic,4045.0,uncertainty,uncertainty_interval_forest
CC. EQ. terr. ST. CO2 uptake,other,outputs\CSVs\03-05_espac_crop_lci_table_filtered_dfe__summary_crop_national.csv,uncertainty,cc. eq. terr. st. co2 uptake,4045.0,uncertainty,uncertainty_interval_forest
CC. EQ. terr. ST. fossil,other,outputs\CSVs\03-05_espac_crop_lci_table_filtered_dfe__summary_crop_national.csv,uncertainty,cc. eq. terr. st. fossil,4045.0,uncertainty,uncertainty_interval_forest
CC. EQ. terr. ST. land transformation,other,outputs\CSVs\03-05_espac_crop_lci_table_filtered_dfe__summary_crop_national.csv,uncertainty,cc. eq. terr. st. land transformation,4045.0,uncertainty,uncertainty_interval_forest
CC. HH. LT. biogenic,other,outputs\CSVs\03-05_espac_crop_lci_table_filtered_dfe__summary_crop_national.csv,uncertainty,cc. hh. lt. biogenic,4045.0,uncertainty,uncertainty_interval_forest
CC. HH. LT. CO2 uptake,other,outputs\CSVs\03-05_espac_crop_lci_table_filtered_dfe__summary_crop_national.csv,uncertainty,cc. hh. lt. co2 uptake,4045.0,uncertainty,uncertainty_interval_forest
CC. HH. LT. fossil,other,outputs\CSVs\03-05_espac_crop_lci_table_filtered_dfe__summary_crop_national.csv,uncertainty,cc. hh. lt. fossil,4045.0,uncertainty,uncertainty_interval_forest
CC. HH. LT. land transformation,other,outputs\CSVs\03-05_espac_crop_lci_table_filtered_dfe__summary_crop_national.csv,uncertainty,cc. hh. lt. land transformation,4045.0,uncertainty,uncertainty_interval_forest
CC. HH. ST. biogenic,other,outputs\CSVs\03-05_espac_crop_lci_table_filtered_dfe__summary_crop_national.csv,uncertainty,cc. hh. st. biogenic,4045.0,uncertainty,uncertainty_interval_forest
CC. HH. ST. CO2 uptake,other,outputs\CSVs\03-05_espac_crop_lci_table_filtered_dfe__summary_crop_national.csv,uncertainty,cc. hh. st. co2 uptake,4045.0,uncertainty,uncertainty_interval_forest
CC. HH. ST. fossil,other,outputs\CSVs\03-05_espac_crop_lci_table_filtered_dfe__summary_crop_national.csv,uncertainty,cc. hh. st. fossil,4045.0,uncertainty,uncertainty_interval_forest
CC. HH. ST. land transformation,other,outputs\CSVs\03-05_espac_crop_lci_table_filtered_dfe__summary_crop_national.csv,uncertainty,cc. hh. st. land transformation,4045.0,uncertainty,uncertainty_interval_forest
Fisheries impact,other,outputs\CSVs\03-05_espac_crop_lci_table_filtered_dfe__summary_crop_national.csv,uncertainty,fisheries impact,4045.0,uncertainty,uncertainty_interval_forest
