Region,Product,System,count,Normalized_product_output_kg,Area_ha_per_1kg_product,Animals_total_live_weight_kg_per_1kg_product,Producing_animals_live_weight_kg_per_1kg_product,Animals_sold_live_weight_kg_per_1kg_product,Water_l_per_1kg_product,Electricity_kWh_per_1kg_product,Live_weight_equivalent_kg_per_1kg_product,Milk_output_kg_fpcm_per_1kg_product,Milk_sales_kg_fpcm_per_1kg_product,Egg_output_kg_per_1kg_product,Egg_sales_kg_per_1kg_product,Cultivated_pasture_area_ha_per_1kg_product,Natural_pasture_area_ha_per_1kg_product,Linked_pasture_area_ha_per_1kg_product,Intake_assumption_kg_per_1kg_product,Pasture_feed_kg_per_1kg_product,Cultivated_pasture_feed_kg_per_1kg_product,Natural_pasture_feed_kg_per_1kg_product,Unmatched_pasture_feed_kg_per_1kg_product,Supplement_feed_kg_per_1kg_product,Common_feed_kg_per_1kg_product,Waste_feed_kg_per_1kg_product,Unallocated_feed_kg_per_1kg_product,Total_feed_kg_per_1kg_product,Vaccinated_head_per_1kg_product,Area_ha,Animals_total_head,Producing_animals_head,Animals_sold_head,Water_l_head_day,Electricity_kWh_head_day,Representative_live_weight_kg,Live_weight_equivalent_kg,Milk_output_kg_fpcm_day,Milk_sales_kg_fpcm_7d,Egg_output_kg,Egg_sales_kg,Pasture_share_pct,Cultivated_pasture_area_ha,Natural_pasture_area_ha,Linked_pasture_area_ha,Cultivated_pasture_area_share_pct,Natural_pasture_area_share_pct,Cultivated_pasture_area_ha_per_head,Natural_pasture_area_ha_per_head,Cultivated_pasture_feed_share_pct,Natural_pasture_feed_share_pct,Unmatched_pasture_feed_share_pct,Supplement_share_pct,Common_feed_share_pct,Waste_feed_share_pct,Intake_assumption_kg_head_day,Pasture_feed_kg_head_day,Cultivated_pasture_feed_kg_head_day,Natural_pasture_feed_kg_head_day,Unmatched_pasture_feed_kg_head_day,Supplement_feed_kg_head_day,Common_feed_kg_head_day,Waste_feed_kg_head_day,Unallocated_feed_share_pct,Unallocated_feed_kg_head_day,Total_feed_kg_head_day,Vaccinated_head,Vaccination_share_pct,Reference_output_kg,Reference_output_kg_for_dfe,Normalization_factor_to_1kg,Milk_output_l_per_1kg_product,Milk_sales_l_per_1kg_product,Milk_output_l_day,Milk_sales_l_7d,Milk_yield_l_head_day,Proxy_total_feed_kg_per_1kg_product,Proxy_forage_kg_per_1kg_product,Proxy_tree_forage_kg_per_1kg_product,Proxy_compound_feed_kg_per_1kg_product,Proxy_mineral_kg_per_1kg_product,Proxy_total_feed_kg_head_day,Proxy_body_weight_kg,Proxy_forage_share_pct,Proxy_tree_forage_share_pct,Proxy_compound_feed_share_pct,Proxy_mineral_share_pct,Proxy_forage_kg_head_day,Proxy_tree_forage_kg_head_day,Proxy_compound_feed_kg_head_day,Proxy_mineral_kg_head_day,Egg_output_reported_per_1kg_product,Egg_sales_reported_per_1kg_product,Birds_sold_head_per_1kg_product,Birds_consumed_head_per_1kg_product,Egg_output_reported,Egg_sales_reported,Eggs_per_head_reported,Birds_sold_head,Birds_consumed_head,Species,Milking_system_ESPAC,Infrastructure_type,Infrastructure_source,Functional_unit,Infra_water_electricity_status,Infra_water_electricity_note,Infra_water_electricity_citations,Reference_output_basis_note,Output_unit,Sales_unit,Diet_basis,Proxy_diet_basis,Diet_data_status,Ration_composition_note,Diet_proxy_source_key,Diet_proxy_quality,Diet_proxy_note,Diet_proxy_citations
(unknown),cattle_live,dairy,28,1.0,0.0045019607843137,2.0,0.7692307692307692,,0.0177941176470588,0.0004044117647058,2.0,,,,,0.0024949124949124,0.0,0.0024949124949124,0.003235294117647,0.0031205882352941,0.0031205882352941,0.0,0.0,0.0001666666666666,0.0,0.0,0.0,0.003235294117647,0.0044444444444444,15.36,16.5,6.0,,66.0,1.5,450.0,7425.0,,,,,95.0,6.375,0.0,6.375,100.0,0.0,0.5613553113553114,0.0,95.0,0.0,0.0,5.0,,,12.0,11.4,11.4,0.0,0.0,0.6,0.0,0.0,0.0,0.0,12.0,14.0,100.0,3712.5,3712.5,0.0002696078431372,,,,,,,,,,,,,,,,,,,,,,,,,,,,,,cattle,Mecánico,milking system: Mecánico,ESPAC direct (gl_sistema_ordenio),1 kg meat (carcass-weight proxy),mixed: direct ESPAC infrastructure + literature proxy water/electricity,infrastructure from ESPAC cattle milking-system field; water/electricity from literature proxy,"FAO small-scale dairy manual - Uses 4 to 6 L water per kg dry matter intake; the worked example for a 300 kg cow producing 10 kg milk/day gives about 66 L/day, adopted here as the dairy drinking-water proxy. (https://www.fao.org/4/t1265e/t1275e01.htm) | FAO Livestock housing water requirements - Reports dry dairy cow water requirements around 40 to 60 L/day, supporting the order of magnitude adopted for low-intensity tropical dairy systems. (https://www.fao.org/3/S1250E/S1250E12.htm) | Uruguay MGAP dairy intermediate-consumption report - Provides Latin American dairy infrastructure energy benchmarks for milking-room electricity and milk cooling; a rounded 1.5 kWh/cow/day proxy was adopted as a moderate regional milking-plus-cooling estimate. (https://www.gub.uy/ministerio-ganaderia-agricultura-pesca/sites/ministerio-ganaderia-agricultura-pesca/files/documentos/publicaciones/informe_consumo_intermedio.pdf)","Animals_total_head multiplied by representative live weight, then converted to estimated meat output with the configured carcass-yield proxy.",kg meat (carcass-weight proxy),,as-fed kg/head/day,,"share-based, absolute kg/head/day estimated from configured intake assumption","pasture + supplement shares from ESPAC cattle module; pasture share split across linked cultivated pasture, linked natural pasture, and unmatched residual using holding-level ESPAC pasture areas",,,,
(unknown),milk,dairy,28,1.0,0.2846640356892078,174.43985335225295,50.87829056107378,,1.9188383868747827,0.0436099633380632,174.43985335225295,1.0,6.849315068493151,,,0.2209865145581992,0.0,0.2209865145581992,0.3488797067045059,0.3488797067045059,0.3488797067045059,0.0,0.0,0.0203513162244295,0.0,0.0,0.0,0.3488797067045059,0.3815871792080533,15.36,16.5,4.0,,66.0,1.5,450.0,7425.0,29.4821226,266.32184082000003,,,95.0,6.375,0.0,6.375,100.0,0.0,0.5613553113553114,0.0,95.0,0.0,0.0,5.0,,,12.0,11.4,11.4,0.0,0.0,0.6,0.0,0.0,0.0,0.0,12.0,14.0,100.0,29.4821226,10760.974749,0.0290733088920421,1.0175658112214756,6.969628843982711,30.0,271.0,9.0,,,,,,,,,,,,,,,,,,,,,,,,,cattle,Mecánico,milking system: Mecánico,ESPAC direct (gl_sistema_ordenio),1 kg FPCM,mixed: direct ESPAC infrastructure + literature proxy water/electricity,infrastructure from ESPAC cattle milking-system field; water/electricity from literature proxy,"FAO small-scale dairy manual - Uses 4 to 6 L water per kg dry matter intake; the worked example for a 300 kg cow producing 10 kg milk/day gives about 66 L/day, adopted here as the milk-row water proxy. (https://www.fao.org/4/t1265e/t1275e01.htm) | FAO Milking, milk collection and transport - Gives wash-water benchmarks for hand, bucket, and pipeline milking plus plate-cooler water loads, supporting a dedicated dairy handling infrastructure proxy. (https://www.fao.org/4/i2433e/i2433e07.pdf) | Uruguay MGAP dairy intermediate-consumption report - Provides Latin American dairy infrastructure energy benchmarks for milking-room electricity and milk cooling; a rounded 1.5 kWh/cow/day proxy was adopted as a moderate regional milking-plus-cooling estimate. (https://www.gub.uy/ministerio-ganaderia-agricultura-pesca/sites/ministerio-ganaderia-agricultura-pesca/files/documentos/publicaciones/informe_consumo_intermedio.pdf)",Milk liters/day converted to kg FPCM using 0.982737 kg FPCM/L; live-weight-equivalent per kg FPCM is based on total herd live weight divided by total milk output; DFE annualizes this daily output by multiplying by 365.,kg FPCM/day,kg FPCM/7d,as-fed kg/head/day,,"share-based, absolute kg/head/day estimated from configured intake assumption","pasture + supplement shares from ESPAC cattle module; pasture share split across linked cultivated pasture, linked natural pasture, and unmatched residual using holding-level ESPAC pasture areas",,,,
(unknown),ovine_live,(all ovine),11,1.0,0.1442321526199177,2.1739130434782608,,1.0869565217391304,0.0683394239346243,0.0,2.1739130434782608,,,,,,,,0.0114378614795844,0.011392901332259,0.0,0.0,0.011392901332259,4.496014732541076e-05,0.0,0.0,1.0373125265485864e-18,0.0114378614795844,,4.01,4.0,,2.0,7.6,0.0,60.44,241.76,,,,,99.6069182389937,,,,,,,,0.0,0.0,99.6069182389937,0.3930817610062893,0.0,0.0,1.272,1.267,0.0,0.0,1.267,0.005,0.0,0.0,9.069112511985664e-15,1.1535911115245767e-16,1.272,,,111.2096,111.2096,0.0089920294650821,,,,,,0.0114378614795844,0.0089380772882916,0.0024548240439674,0.0,4.496014732541076e-05,1.272,60.44,78.1,21.5,0.0,0.4,0.994,0.273,0.0,0.005,,,,,,,,,,ovine,,grazing ovine holding with shelter and trough,literature/system proxy,1 kg meat (carcass-weight proxy),literature/system proxy,ESPAC livestock modules do not expose direct infrastructure/water/electricity variables for this row; literature/system proxy attached,FAO-linked livestock watering structures guideline - Reports feeder lamb and kid water requirements around 7.6 L/day and adult ewe or doe requirements above that level; 7.6 L/head/day was retained as a conservative live-animal proxy for mixed ovine rows. (https://www.fao.org/fileadmin/user_upload/emergencies/docs/UNEP_FAO_South_Sudan_WH_Structures_guidelines.pdf),"Animals_total_head multiplied by representative live weight, then converted to estimated meat output with the configured carcass-yield proxy.",kg meat (carcass-weight proxy),head,dry-matter kg/head/day,dry-matter kg/head/day,no diet share data in ESPAC; literature proxy attached from config,"no diet/ration fields found in ovine module; literature proxy diet attached from inputs/02-05_espac_lci_coefficients.yml; main feed columns mapped from proxy diet as unmatched pasture for forage plus browse, with mineral or compound feed retained separately",ovine_live,Ecuador composite,Composite Ecuador proxy. Total intake is based on an ovine feeding trial; tree-forage share comes from Acacia mearnsii voluntary intake; mineral intake comes from a Blackbelly sheep grazing study in the Ecuadorian Amazon.,UTA thesis by Erika Esthefanía Lluay Guilcapi (bitstream 32507) - Reports voluntary dry matter intake of 1268.85 g/day in weaned sheep in Ecuador. (https://repositorio.uta.edu.ec/bitstream/123456789/32507/1/Tesis%20182%20Medicina%20Veterinaria%20y%20Zootecnia%20-Lluay%20Guilcapi%20Erika%20Esthefan%C3%ADa.pdf) | Evaluación de la preferencia de consumo de leguminosas arbóreas con potencial forrajero en rumiantes menores - Reports ovine Acacia mearnssi voluntary intake of 272.50 g/kg MS and 12.60 g/kg PV^0.75 at 60.44 kg live weight. (https://repositorio.uta.edu.ec/items/770d67bf-97e2-485a-8227-d941b7f4e1b2) | Effect of Mineral Supplementation on the Macromineral Concentration in Blood in Pre- and Postpartum Blackbelly Sheep - Reports 0.005 kg per animal per day mineral supplementation under free-grazing conditions in the Ecuadorian Amazon. (https://pmc.ncbi.nlm.nih.gov/articles/PMC7401505/)
(unknown),swine_live,(all swine),2,1.0,0.1577485609786553,1.5151515151515154,,1.8939393939393945,0.1057363479269633,0.0009365219387816,1.5151515151515154,,,,,,,,0.0377629814024869,0.0,0.0,0.0,0.0,,,0.0377629814024869,0.0,0.0377629814024869,,9.105,1.5,,1.5,7.0,0.062,75.23,112.845,,,,,0.0,,,,,,,,0.0,0.0,0.0,,,100.0,2.5,0.0,0.0,0.0,0.0,,,2.5,0.0,0.0,2.5,,,74.4777,74.4777,0.0151051925609947,,,,,,,,,,,,,,,,,,,,,,,,,,,,,,swine,,Ecuador smallholder pigsty or swine pen with feeder and drinker,literature/system proxy,1 kg meat (carcass-weight proxy),literature/system proxy,ESPAC livestock modules do not expose direct infrastructure/water/electricity variables for this row; literature/system proxy attached,"FAO Livestock housing for pigs - Pig water consumption varies by class from about 2.5 L/day at 25 kg to 7.0 L/day at 90 to 120 kg; 7.0 L/head/day was adopted as a practical market-pig proxy for mixed ESPAC swine rows. (https://www.fao.org/3/s1250e/S1250E14.htm) | Caracterización de granjas porcinas de Banasur, Pasaje, El Oro - Provides Ecuador smallholder swine-system context and supports the use of a simple pen-based infrastructure proxy, although it does not provide a clean biological drinking-water factor. (https://polodelconocimiento.com/ojs/index.php/es/article/view/1043/html) | National Hog Farmer study summary - Finishing-barn electricity around 11.2 kWh per finished pig produced was annualized over a 180-day finishing period to derive a daily proxy. (https://www.nationalhogfarmer.com/livestock-management/study-goes-to-pig-barns-to-find-actual-energy-use)","Animals_total_head multiplied by representative live weight, then converted to estimated meat output with the configured carcass-yield proxy.",kg meat (carcass-weight proxy),head,as-fed kg/head/day,,"share-based, absolute kg/head/day estimated from configured intake assumption",common feed + supplement + waste shares from ESPAC swine module,,,,
Costa,cattle_live,(unknown),76,1.0,0.00502,2.0,0.8888888888888888,,0.0178571428571428,0.0,2.0,,,,,0.0042336,0.0,0.0048180722891566,0.0035714285714285,0.0031666666666666,0.0027777777777777,0.0,0.0,0.0002777777777777,0.0,0.0,0.0,0.0035714285714285,0.005,11.9976,14.0,5.0,,50.0,0.0,400.0,5600.0,,,,,98.0,9.0,0.0,10.99,100.0,0.0,0.7327272727272727,0.0,97.0,0.0,0.0,10.0,,,10.0,9.8,9.7,0.0,0.0,1.0,0.0,0.0,0.0,0.0,10.0,13.5,100.0,2800.0,2800.0,0.0003571428571428,,,,,,,,,,,,,,,,,,,,,,,,,,,,,,cattle,Mecánico,milking system: nan,ESPAC direct (gl_sistema_ordenio),1 kg meat (carcass-weight proxy),mixed: direct ESPAC infrastructure + literature proxy water/electricity,infrastructure from ESPAC cattle milking-system field; water/electricity from literature proxy,FAO Livestock housing water requirements - Reports dry dairy cow water requirements around 40 to 60 L/day; the midpoint 50 L/day was adopted when the cattle system is unspecified. (https://www.fao.org/3/S1250E/S1250E12.htm),"Animals_total_head multiplied by representative live weight, then converted to estimated meat output with the configured carcass-yield proxy.",kg meat (carcass-weight proxy),,as-fed kg/head/day,,"share-based, absolute kg/head/day estimated from configured intake assumption","pasture + supplement shares from ESPAC cattle module; pasture share split across linked cultivated pasture, linked natural pasture, and unmatched residual using holding-level ESPAC pasture areas",,,,
Costa,cattle_live,beef,953,1.0,0.005,2.0,0.8333333333333334,,0.0104166666666666,0.0,2.0,,,,,0.0037325,0.0,0.003961478960396,0.0016666666666666,0.0014074074074074,0.0008,0.0,0.0,0.0001162790697674,0.0,0.0,0.0,0.0016666666666666,0.005,27.0,24.0,10.0,,50.0,0.0,400.0,9600.0,,,,,90.0,15.0,0.0,17.975,100.0,0.0,0.6896551724137931,0.0,90.0,0.0,0.0,10.0,,,8.0,7.2,7.2,0.0,0.0,0.8,0.0,0.0,0.0,0.0,8.0,27.0,100.0,4800.0,4800.0,0.0002083333333333,,,,,,,,,,,,,,,,,,,,,,,,,,,,,,cattle,Mecánico,milking system: nan,ESPAC direct (gl_sistema_ordenio),1 kg meat (carcass-weight proxy),mixed: direct ESPAC infrastructure + literature proxy water/electricity,infrastructure from ESPAC cattle milking-system field; water/electricity from literature proxy,FAO Livestock housing water requirements - Reports dry dairy cow water requirements around 40 to 60 L/day; the midpoint 50 L/day was adopted for beef cattle. (https://www.fao.org/3/S1250E/S1250E12.htm),"Animals_total_head multiplied by representative live weight, then converted to estimated meat output with the configured carcass-yield proxy.",kg meat (carcass-weight proxy),,as-fed kg/head/day,,"share-based, absolute kg/head/day estimated from configured intake assumption","pasture + supplement shares from ESPAC cattle module; pasture share split across linked cultivated pasture, linked natural pasture, and unmatched residual using holding-level ESPAC pasture areas",,,,
Costa,cattle_live,dairy,534,1.0,0.0041481481481481,2.0,0.9090909090909092,,0.0146666666666666,0.0003333333333333,2.0,,,,,0.0031151111111111,0.0,0.0032679738562091,0.0026666666666666,0.0022456140350877,0.0016,0.0,0.0,0.0002133333333333,0.0,0.0,0.0,0.0026666666666666,0.0044444444444444,20.125,20.0,9.0,,66.0,1.5,450.0,9000.0,,,,,90.0,14.99,0.0,15.0,100.0,0.0,0.678409090909091,0.0,90.0,0.0,0.0,10.0,,,12.0,10.8,10.8,0.0,0.0,1.2,0.0,0.0,0.0,0.0,12.0,20.0,100.0,4500.0,4500.0,0.0002222222222222,,,,,,,,,,,,,,,,,,,,,,,,,,,,,,cattle,Mecánico,milking system: Mecánico,ESPAC direct (gl_sistema_ordenio),1 kg meat (carcass-weight proxy),mixed: direct ESPAC infrastructure + literature proxy water/electricity,infrastructure from ESPAC cattle milking-system field; water/electricity from literature proxy,"FAO small-scale dairy manual - Uses 4 to 6 L water per kg dry matter intake; the worked example for a 300 kg cow producing 10 kg milk/day gives about 66 L/day, adopted here as the dairy drinking-water proxy. (https://www.fao.org/4/t1265e/t1275e01.htm) | FAO Livestock housing water requirements - Reports dry dairy cow water requirements around 40 to 60 L/day, supporting the order of magnitude adopted for low-intensity tropical dairy systems. (https://www.fao.org/3/S1250E/S1250E12.htm) | Uruguay MGAP dairy intermediate-consumption report - Provides Latin American dairy infrastructure energy benchmarks for milking-room electricity and milk cooling; a rounded 1.5 kWh/cow/day proxy was adopted as a moderate regional milking-plus-cooling estimate. (https://www.gub.uy/ministerio-ganaderia-agricultura-pesca/sites/ministerio-ganaderia-agricultura-pesca/files/documentos/publicaciones/informe_consumo_intermedio.pdf)","Animals_total_head multiplied by representative live weight, then converted to estimated meat output with the configured carcass-yield proxy.",kg meat (carcass-weight proxy),,as-fed kg/head/day,,"share-based, absolute kg/head/day estimated from configured intake assumption","pasture + supplement shares from ESPAC cattle module; pasture share split across linked cultivated pasture, linked natural pasture, and unmatched residual using holding-level ESPAC pasture areas",,,,
Costa,cattle_live,dual-purpose,1568,1.0,0.00475,2.0,0.8333333333333334,,0.0084770114942528,0.0,2.0,,,,,0.0035884159482758,0.0,0.00374875,0.0016954022988505,0.0015,0.0011270161290322,0.0,0.0,0.0001923076923076,0.0,0.0,0.0,0.0017241379310344,0.005,26.0,29.5,10.0,,50.0,0.0,400.0,11800.0,,,,,90.0,18.44,0.0,19.405,100.0,0.0,0.6763350588235294,0.0,90.0,0.0,0.0,10.0,,,10.0,9.0,9.0,0.0,0.0,1.0,0.0,0.0,0.0,0.0,10.0,29.0,100.0,5900.0,5900.0,0.000169540229885,,,,,,,,,,,,,,,,,,,,,,,,,,,,,,cattle,Mecánico,milking system: Mecánico,ESPAC direct (gl_sistema_ordenio),1 kg meat (carcass-weight proxy),mixed: direct ESPAC infrastructure + literature proxy water/electricity,infrastructure from ESPAC cattle milking-system field; water/electricity from literature proxy,FAO Livestock housing water requirements - Reports dry dairy cow water requirements around 40 to 60 L/day; the midpoint 50 L/day was adopted for dual-purpose cattle where milk intensity is lower than specialized dairy. (https://www.fao.org/3/S1250E/S1250E12.htm),"Animals_total_head multiplied by representative live weight, then converted to estimated meat output with the configured carcass-yield proxy.",kg meat (carcass-weight proxy),,as-fed kg/head/day,,"share-based, absolute kg/head/day estimated from configured intake assumption","pasture + supplement shares from ESPAC cattle module; pasture share split across linked cultivated pasture, linked natural pasture, and unmatched residual using holding-level ESPAC pasture areas",,,,
Costa,eggs,(unknown),3,,,,,,,,,,,,,,,,,,,,,,,,,,,,2.0,2.0,,0.222,0.005,1.514,3.028,,,,11906.79,0.0,,,,,,,,0.0,0.0,0.0,0.0,100.0,0.0,0.081,0.0,0.0,0.0,0.0,0.0,0.081,0.0,0.0,0.0,0.081,,,,,,,,,,,,,,,,0.081,,0.0,0.0,100.0,0.0,0.0,0.0,0.081,0.0,,,,,,210000.0,,210000.0,,chicken,,"poultry shelter or coop, system unspecified",literature/system proxy,1 kg shell eggs,literature/system proxy,ESPAC livestock modules do not expose direct infrastructure/water/electricity variables for this row; literature/system proxy attached,"Producción sostenible en avicultura - Reports 222.03 L per 1000 hens per day, equivalent to 0.222 L/hen/day; used as the preferred practical water proxy for unspecified poultry rows. (https://dokumen.pub/produccion-sostenible-en-avicultura-l-6359269.html) | FAO small-scale poultry production - Reports that a laying hen can consume up to about 0.25 L/day of water, supporting the adopted 0.222 L/hen/day proxy. (https://www.fao.org/4/y4628e/y4628e03.htm) | Iowa layer-house electricity summary - A reduced poultry-house electricity proxy was retained as a fallback where ESPAC does not distinguish the shelter or lighting setup and no stronger Ecuador, Latin American, or FAO per-bird electricity factor was identified. (https://blogs.millersville.edu/aest/2022/05/13/dr-haughery-publishes-research-findings/)",Egg counts converted to kg shell eggs using 0.056699 kg/egg; live-weight-equivalent per kg shell eggs is based on total flock live weight divided by total egg output.,kg shell eggs,kg shell eggs,as-fed kg/head/day,as-fed kg/head/day,no diet share data in ESPAC; literature proxy attached from config,"no diet/ration fields found in avian module; literature proxy diet attached from inputs/02-05_espac_lci_coefficients.yml; main feed columns mapped from proxy diet as common compound feed, with no pasture or waste component",eggs,Ecuador direct,Semipasture or free-range scavenging was not quantified in the source; proxy covers balanced feed only.,Evaluación de parámetros productivos en crianza de gallinas criollas (gallina feliz). Patoa de Vallejo-Pujilí - Reports 0.081 ± 0.002 kg balanced feed per hen per day in a semipasture system in Cotopaxi. (https://repositorio.utc.edu.ec/handle/27000/7769)
Costa,eggs,dual-purpose poultry,1,1.0,,7.629260279218831,7.629260279218831,,0.0223737884014079,0.0005039141531848,7.629260279218831,,,1.0,1.0,,,,0.0081634092815947,0.0,0.0,0.0,0.0,0.0,0.0081634092815947,0.0,0.0,0.0081634092815947,,,50.0,50.0,,0.222,0.005,1.514,75.7,,,9.922325,9.922325,0.0,,,,,,,,0.0,0.0,0.0,0.0,100.0,0.0,0.081,0.0,0.0,0.0,0.0,0.0,0.081,0.0,0.0,0.0,0.081,,,9.922325,9.922325,0.1007828306369726,,,,,,0.0081634092815947,0.0,0.0,0.0081634092815947,0.0,0.081,,0.0,0.0,100.0,0.0,0.0,0.0,0.081,0.0,17.636995361470216,17.636995361470216,,,175.0,175.0,3.5,,,chicken,,small poultry house or coop,literature/system proxy,1 kg shell eggs,literature/system proxy,ESPAC livestock modules do not expose direct infrastructure/water/electricity variables for this row; literature/system proxy attached,"Producción sostenible en avicultura - Reports 222.03 L per 1000 hens per day, equivalent to 0.222 L/hen/day; used as the preferred practical water proxy for dual-purpose poultry rows. (https://dokumen.pub/produccion-sostenible-en-avicultura-l-6359269.html) | FAO small-scale poultry production - Reports that a laying hen can consume up to about 0.25 L/day of water, supporting the adopted 0.222 L/hen/day proxy. (https://www.fao.org/4/y4628e/y4628e03.htm) | Iowa layer-house electricity summary - A reduced fraction of the layer-house benchmark was retained as a small-scale poultry electricity fallback because no stronger Ecuador, Latin American, or FAO per-bird electricity factor was identified. (https://blogs.millersville.edu/aest/2022/05/13/dr-haughery-publishes-research-findings/)",Egg counts converted to kg shell eggs using 0.056699 kg/egg; live-weight-equivalent per kg shell eggs is based on total flock live weight divided by total egg output.,kg shell eggs,kg shell eggs,as-fed kg/head/day,as-fed kg/head/day,no diet share data in ESPAC; literature proxy attached from config,"no diet/ration fields found in avian module; literature proxy diet attached from inputs/02-05_espac_lci_coefficients.yml; main feed columns mapped from proxy diet as common compound feed, with no pasture or waste component",eggs,Ecuador direct,Semipasture or free-range scavenging was not quantified in the source; proxy covers balanced feed only.,Evaluación de parámetros productivos en crianza de gallinas criollas (gallina feliz). Patoa de Vallejo-Pujilí - Reports 0.081 ± 0.002 kg balanced feed per hen per day in a semipasture system in Cotopaxi. (https://repositorio.utc.edu.ec/handle/27000/7769)
Costa,eggs,layers,39,1.0,,4.58076247554358,4.58076247554358,,3.9553975169456144e-05,1.7995276991509325e-06,4.58076247554358,,,1.0,1.0,,,,1.4431855805071836e-05,0.0,0.0,0.0,0.0,0.0,1.4431855805071836e-05,0.0,0.0,1.4431855805071836e-05,,,14600.0,14600.0,,0.222,0.0101,1.514,22104.4,,,5625.277887,5625.277887,0.0,,,,,,,,0.0,0.0,0.0,0.0,100.0,0.0,0.081,0.0,0.0,0.0,0.0,0.0,0.081,0.0,0.0,0.0,0.081,,,5625.277887,5625.277887,0.0001781710593218,,,,,,1.4431855805071836e-05,0.0,0.0,1.4431855805071836e-05,0.0,0.081,,0.0,0.0,100.0,0.0,0.0,0.0,0.081,0.0,17.63699536147022,17.636995361470216,1.4697496134558516,0.0470319876305872,99213.0,99213.0,5.829259699129057,10000.0,20.0,chicken,,layer house or coop with drinkers and lighting,literature/system proxy,1 kg shell eggs,literature/system proxy,ESPAC livestock modules do not expose direct infrastructure/water/electricity variables for this row; literature/system proxy attached,"Producción sostenible en avicultura - Reports 222.03 L per 1000 hens per day, equivalent to 0.222 L/hen/day; used as the preferred Latin American-style layer water proxy. (https://dokumen.pub/produccion-sostenible-en-avicultura-l-6359269.html) | FAO small-scale poultry production - Reports that a laying hen can consume up to about 0.25 L/day of water, supporting the adopted 0.222 L/hen/day proxy. (https://www.fao.org/4/y4628e/y4628e03.htm) | Iowa layer-house electricity summary - Layer-house electricity around 10.1 kWh/day per 1000 birds was used, equivalent to 0.0101 kWh/bird/day. (https://blogs.millersville.edu/aest/2022/05/13/dr-haughery-publishes-research-findings/)",Egg counts converted to kg shell eggs using 0.056699 kg/egg; live-weight-equivalent per kg shell eggs is based on total flock live weight divided by total egg output.,kg shell eggs,kg shell eggs,as-fed kg/head/day,as-fed kg/head/day,no diet share data in ESPAC; literature proxy attached from config,"no diet/ration fields found in avian module; literature proxy diet attached from inputs/02-05_espac_lci_coefficients.yml; main feed columns mapped from proxy diet as common compound feed, with no pasture or waste component",eggs,Ecuador direct,Semipasture or free-range scavenging was not quantified in the source; proxy covers balanced feed only.,Evaluación de parámetros productivos en crianza de gallinas criollas (gallina feliz). Patoa de Vallejo-Pujilí - Reports 0.081 ± 0.002 kg balanced feed per hen per day in a semipasture system in Cotopaxi. (https://repositorio.utc.edu.ec/handle/27000/7769)
Costa,goat_live,(all holdings),27,1.0,1.1814744801512287,2.1739130434782608,,,0.2993068683049779,0.0,2.1739130434782608,,,,,,,,0.0318525519848771,0.0318525519848771,0.0,0.0,0.0318525519848771,0.0,0.0,0.0,0.0,0.0318525519848771,,35.0,3.0,,,9.5,0.0,23.0,69.0,,,,,100.0,,,,,,,,0.0,0.0,100.0,0.0,0.0,0.0,1.011,1.011,0.0,0.0,1.011,0.0,0.0,0.0,0.0,0.0,1.011,,,31.74,31.74,0.0315059861373661,,,,,,0.0318525519848771,0.0251732829237555,0.0066792690611216,0.0,0.0,1.011,23.0,79.0,21.0,0.0,0.0,0.799,0.212,0.0,0.0,,,,,,,,,,caprine,,grazing goat holding with shelter and trough,literature/system proxy,1 kg meat (carcass-weight proxy),literature/system proxy,ESPAC livestock modules do not expose direct infrastructure/water/electricity variables for this row; literature/system proxy attached,FAO-linked livestock watering structures guideline - Reports ewe or doe water requirements around 9.5 L/day and milking ewe or doe requirements around 13.2 L/day; 9.5 L/head/day was adopted as a general goat live-animal proxy. (https://www.fao.org/fileadmin/user_upload/emergencies/docs/UNEP_FAO_South_Sudan_WH_Structures_guidelines.pdf),"Animals_total_head multiplied by representative live weight, then converted to estimated meat output with the configured carcass-yield proxy.",kg meat (carcass-weight proxy),,dry-matter kg/head/day,dry-matter kg/head/day,no diet share data in ESPAC; literature proxy attached from config,"no diet/ration fields found in other livestock module; literature proxy diet attached from inputs/02-05_espac_lci_coefficients.yml; main feed columns mapped from proxy diet as unmatched pasture for forage plus browse, with mineral or compound feed retained separately",goat_live,Ecuador plus fallback composite,Composite proxy. Total intake is a fallback mature-doe dry matter intake example; tree-forage share is based on Ecuadorian caprine preference data and native browse literature from the Ecuadorian Sierra.,Evaluación de la preferencia de consumo de leguminosas arbóreas con potencial forrajero en rumiantes menores - Reports caprine Acacia melanoxylon voluntary intake of 211.07 g/kg MS and 20.155 g/kg PV^0.75 at 23 kg live weight. (https://repositorio.uta.edu.ec/items/770d67bf-97e2-485a-8227-d941b7f4e1b2) | Cabras Lecheras Selección y Hábitos de Consumo de Plantas Nativas en la Sierra Ecuatoriana - Ecuador review identifying native browse and shrub resources as a central component of dairy goat feeding in the Sierra. (https://polodelconocimiento.com/ojs/index.php/es/article/download/7592/pdf) | Goat Nutrition - Provides a mature-doe dry matter intake example of about 1.011 kg/day (2.23 lb/day) used as fallback total intake. (https://sfyl.ifas.ufl.edu/duval/agriculture-and-agribusiness-management/livestock-and-poultry/goats/goat-nutrition/)
Costa,milk,(unknown),72,1.0,0.6232590593731537,298.0014161434321,122.10789734657708,,4.088434062943429,0.0408843406294342,298.0014161434321,1.0,6.999999999999999,,,0.5357465825263013,0.0,0.5953560254978045,0.6814056771572381,0.6253789881465319,0.4935194184424156,0.0,0.0,0.0508782905610737,0.0,0.0,0.0,0.6814056771572381,0.6698974923874714,10.995,13.0,5.0,,60.0,0.6,400.0,5200.0,14.741061299999998,113.50617201,,,98.0,8.99,0.0,10.5,100.0,0.0,0.7048106060606061,0.0,97.0,0.0,0.0,10.0,,,10.0,9.8,9.7,0.0,0.0,1.0,0.0,0.0,0.0,0.0,10.0,12.0,100.0,14.741061299999998,5380.4873745,0.0681405677157238,1.0175658112214756,7.12296067855033,15.0,115.5,3.333333333333333,,,,,,,,,,,,,,,,,,,,,,,,,cattle,Mecánico,milking system: nan,ESPAC direct (gl_sistema_ordenio),1 kg FPCM,mixed: direct ESPAC infrastructure + literature proxy water/electricity,infrastructure from ESPAC cattle milking-system field; water/electricity from literature proxy,FAO small-scale dairy manual - Lactating-cow water use increases with dry matter intake and milk output; a reduced 60 L/day proxy was retained for milk rows with unspecified system. (https://www.fao.org/4/t1265e/t1275e01.htm) | Uruguay MGAP dairy intermediate-consumption report - Latin American dairy energy benchmarks were scaled to 0.6 kWh/head/day for milk rows with unspecified system. (https://www.gub.uy/ministerio-ganaderia-agricultura-pesca/sites/ministerio-ganaderia-agricultura-pesca/files/documentos/publicaciones/informe_consumo_intermedio.pdf),Milk liters/day converted to kg FPCM using 0.982737 kg FPCM/L; live-weight-equivalent per kg FPCM is based on total herd live weight divided by total milk output; DFE annualizes this daily output by multiplying by 365.,kg FPCM/day,kg FPCM/7d,as-fed kg/head/day,,"share-based, absolute kg/head/day estimated from configured intake assumption","pasture + supplement shares from ESPAC cattle module; pasture share split across linked cultivated pasture, linked natural pasture, and unmatched residual using holding-level ESPAC pasture areas",,,,
Costa,milk,beef,746,1.0,1.1702006829046971,508.7829056107378,122.10789734657708,,3.0526974336644277,0.0152634871683221,508.7829056107378,1.0,6.999999999999999,,,0.915809230099328,0.0,0.959128460348471,0.4070263244885903,0.3618011773231913,0.2560873958240713,0.0,0.0,0.0325621059590872,0.0,0.0,0.0,0.4070263244885903,1.2719572640268444,30.0,26.0,9.5,,60.0,0.3,400.0,10400.0,15.72379872,329.2170357,,,90.0,17.975,0.0,20.0,100.0,0.0,0.6777429467084639,0.0,90.0,0.0,0.0,10.0,,,8.0,7.2,7.2,0.0,0.0,0.8,0.0,0.0,0.0,0.0,8.0,30.0,100.0,15.72379872,5739.186532799999,0.0508782905610737,1.0175658112214756,7.122960678550329,16.0,335.0,3.333333333333333,,,,,,,,,,,,,,,,,,,,,,,,,cattle,Mecánico,milking system: nan,ESPAC direct (gl_sistema_ordenio),1 kg FPCM,mixed: direct ESPAC infrastructure + literature proxy water/electricity,infrastructure from ESPAC cattle milking-system field; water/electricity from literature proxy,FAO small-scale dairy manual - Lactating-cow water use increases with dry matter intake and milk output; a reduced 60 L/day proxy was retained for low-intensity milk output in non-dairy systems. (https://www.fao.org/4/t1265e/t1275e01.htm) | Uruguay MGAP dairy intermediate-consumption report - Latin American dairy energy benchmarks were strongly downscaled to 0.3 kWh/head/day for occasional milk handling in beef-oriented systems. (https://www.gub.uy/ministerio-ganaderia-agricultura-pesca/sites/ministerio-ganaderia-agricultura-pesca/files/documentos/publicaciones/informe_consumo_intermedio.pdf),Milk liters/day converted to kg FPCM using 0.982737 kg FPCM/L; live-weight-equivalent per kg FPCM is based on total herd live weight divided by total milk output; DFE annualizes this daily output by multiplying by 365.,kg FPCM/day,kg FPCM/7d,as-fed kg/head/day,,"share-based, absolute kg/head/day estimated from configured intake assumption","pasture + supplement shares from ESPAC cattle module; pasture share split across linked cultivated pasture, linked natural pasture, and unmatched residual using holding-level ESPAC pasture areas",,,,
Costa,milk,dairy,514,1.0,0.6973409339628385,343.428461287248,109.3247268431073,,2.2386447846872466,0.0508782905610737,343.428461287248,1.0,6.958333333333333,,,0.500642379120966,0.0,0.5087829056107378,0.4070263244885903,0.3663236920397312,0.2747427690297984,0.0,0.0,0.0366323692039731,0.0,0.0,0.0,0.4070263244885903,0.726832722301054,20.4062,20.0,6.0,,66.0,1.5,450.0,9000.0,26.53391034,216.2022324,,,90.0,15.0,0.0,15.205,100.0,0.0,0.678409090909091,0.0,90.0,0.0,0.0,10.0,,,12.0,10.8,10.8,0.0,0.0,1.2,0.0,0.0,0.0,0.0,12.0,21.0,100.0,26.53391034,9684.8772741,0.0339188603740491,1.0175658112214756,7.080562103082769,27.0,220.0,4.083333333333334,,,,,,,,,,,,,,,,,,,,,,,,,cattle,Mecánico,milking system: Mecánico,ESPAC direct (gl_sistema_ordenio),1 kg FPCM,mixed: direct ESPAC infrastructure + literature proxy water/electricity,infrastructure from ESPAC cattle milking-system field; water/electricity from literature proxy,"FAO small-scale dairy manual - Uses 4 to 6 L water per kg dry matter intake; the worked example for a 300 kg cow producing 10 kg milk/day gives about 66 L/day, adopted here as the milk-row water proxy. (https://www.fao.org/4/t1265e/t1275e01.htm) | FAO Milking, milk collection and transport - Gives wash-water benchmarks for hand, bucket, and pipeline milking plus plate-cooler water loads, supporting a dedicated dairy handling infrastructure proxy. (https://www.fao.org/4/i2433e/i2433e07.pdf) | Uruguay MGAP dairy intermediate-consumption report - Provides Latin American dairy infrastructure energy benchmarks for milking-room electricity and milk cooling; a rounded 1.5 kWh/cow/day proxy was adopted as a moderate regional milking-plus-cooling estimate. (https://www.gub.uy/ministerio-ganaderia-agricultura-pesca/sites/ministerio-ganaderia-agricultura-pesca/files/documentos/publicaciones/informe_consumo_intermedio.pdf)",Milk liters/day converted to kg FPCM using 0.982737 kg FPCM/L; live-weight-equivalent per kg FPCM is based on total herd live weight divided by total milk output; DFE annualizes this daily output by multiplying by 365.,kg FPCM/day,kg FPCM/7d,as-fed kg/head/day,,"share-based, absolute kg/head/day estimated from configured intake assumption","pasture + supplement shares from ESPAC cattle module; pasture share split across linked cultivated pasture, linked natural pasture, and unmatched residual using holding-level ESPAC pasture areas",,,,
Costa,milk,dual-purpose,1532,1.0,0.9758198346275108,407.0263244885903,101.75658112214757,,1.971533759241609,0.019715337592416,407.0263244885903,1.0,6.999999999999999,,,0.6759544317399803,0.0,0.6878744883857175,0.3285889598736015,0.2543914528053689,0.2081384613862109,0.0,0.0,0.0363416361150527,0.0,0.0,0.0,0.3285889598736015,1.0175658112214756,27.0,30.0,8.0,,60.0,0.6,400.0,12000.0,29.4821226,245.684355,,,90.0,18.85,0.0,19.5,100.0,0.0,0.6776165714285713,0.0,90.0,0.0,0.0,10.0,,,10.0,9.0,9.0,0.0,0.0,1.0,0.0,0.0,0.0,0.0,10.0,30.0,100.0,29.4821226,10760.974749,0.0328588959873601,1.0175658112214756,7.12296067855033,30.0,250.0,4.0,,,,,,,,,,,,,,,,,,,,,,,,,cattle,Mecánico,milking system: Mecánico,ESPAC direct (gl_sistema_ordenio),1 kg FPCM,mixed: direct ESPAC infrastructure + literature proxy water/electricity,infrastructure from ESPAC cattle milking-system field; water/electricity from literature proxy,FAO small-scale dairy manual - Lactating-cow water use increases with dry matter intake and milk output; a reduced 60 L/day proxy was retained for lower-intensity dual-purpose milk systems. (https://www.fao.org/4/t1265e/t1275e01.htm) | Uruguay MGAP dairy intermediate-consumption report - Latin American dairy energy benchmarks were scaled down to 0.6 kWh/head/day for lower-intensity dual-purpose milk handling. (https://www.gub.uy/ministerio-ganaderia-agricultura-pesca/sites/ministerio-ganaderia-agricultura-pesca/files/documentos/publicaciones/informe_consumo_intermedio.pdf),Milk liters/day converted to kg FPCM using 0.982737 kg FPCM/L; live-weight-equivalent per kg FPCM is based on total herd live weight divided by total milk output; DFE annualizes this daily output by multiplying by 365.,kg FPCM/day,kg FPCM/7d,as-fed kg/head/day,,"share-based, absolute kg/head/day estimated from configured intake assumption","pasture + supplement shares from ESPAC cattle module; pasture share split across linked cultivated pasture, linked natural pasture, and unmatched residual using holding-level ESPAC pasture areas",,,,
Costa,ovine_live,(all ovine),40,1.0,0.0650723198956445,2.1739130434782608,,0.7246376811594203,0.0501155775520578,0.0,2.1739130434782608,,,,,,,,0.0083877650850286,0.0083547943103233,0.0,0.0,0.0083547943103233,3.297077470530122e-05,0.0,0.0,7.606958528022967e-19,0.0083877650850286,,9.71,5.5,,2.0,7.6,0.0,60.44,332.42,,,,,99.6069182389937,,,,,,,,0.0,0.0,99.6069182389937,0.3930817610062893,0.0,0.0,1.272,1.267,0.0,0.0,1.267,0.005,0.0,0.0,9.069112511985664e-15,1.1535911115245767e-16,1.272,,,152.91320000000002,152.91320000000002,0.0065941549410602,,,,,,0.0083877650850286,0.0065545900114138,0.0018002042989094,0.0,3.297077470530122e-05,1.272,60.44,78.1,21.5,0.0,0.4,0.994,0.273,0.0,0.005,,,,,,,,,,ovine,,grazing ovine holding with shelter and trough,literature/system proxy,1 kg meat (carcass-weight proxy),literature/system proxy,ESPAC livestock modules do not expose direct infrastructure/water/electricity variables for this row; literature/system proxy attached,FAO-linked livestock watering structures guideline - Reports feeder lamb and kid water requirements around 7.6 L/day and adult ewe or doe requirements above that level; 7.6 L/head/day was retained as a conservative live-animal proxy for mixed ovine rows. (https://www.fao.org/fileadmin/user_upload/emergencies/docs/UNEP_FAO_South_Sudan_WH_Structures_guidelines.pdf),"Animals_total_head multiplied by representative live weight, then converted to estimated meat output with the configured carcass-yield proxy.",kg meat (carcass-weight proxy),head,dry-matter kg/head/day,dry-matter kg/head/day,no diet share data in ESPAC; literature proxy attached from config,"no diet/ration fields found in ovine module; literature proxy diet attached from inputs/02-05_espac_lci_coefficients.yml; main feed columns mapped from proxy diet as unmatched pasture for forage plus browse, with mineral or compound feed retained separately",ovine_live,Ecuador composite,Composite Ecuador proxy. Total intake is based on an ovine feeding trial; tree-forage share comes from Acacia mearnsii voluntary intake; mineral intake comes from a Blackbelly sheep grazing study in the Ecuadorian Amazon.,UTA thesis by Erika Esthefanía Lluay Guilcapi (bitstream 32507) - Reports voluntary dry matter intake of 1268.85 g/day in weaned sheep in Ecuador. (https://repositorio.uta.edu.ec/bitstream/123456789/32507/1/Tesis%20182%20Medicina%20Veterinaria%20y%20Zootecnia%20-Lluay%20Guilcapi%20Erika%20Esthefan%C3%ADa.pdf) | Evaluación de la preferencia de consumo de leguminosas arbóreas con potencial forrajero en rumiantes menores - Reports ovine Acacia mearnssi voluntary intake of 272.50 g/kg MS and 12.60 g/kg PV^0.75 at 60.44 kg live weight. (https://repositorio.uta.edu.ec/items/770d67bf-97e2-485a-8227-d941b7f4e1b2) | Effect of Mineral Supplementation on the Macromineral Concentration in Blood in Pre- and Postpartum Blackbelly Sheep - Reports 0.005 kg per animal per day mineral supplementation under free-grazing conditions in the Ecuadorian Amazon. (https://pmc.ncbi.nlm.nih.gov/articles/PMC7401505/)
Costa,swine_live,(all swine),1308,1.0,0.0704908986179755,1.5151515151515151,,0.606060606060606,0.0352454493089877,0.0003121739795938,1.5151515151515151,,,,,,,,0.0125876604674956,0.0,0.0,0.0,0.0,0.0029633450683895,0.0062938302337478,0.0050350641869982,0.0,0.0125876604674956,,14.056,4.0,,2.0,7.0,0.062,75.23,300.92,,,,,0.0,,,,,,,,0.0,0.0,0.0,50.0,50.0,30.0,2.5,0.0,0.0,0.0,0.0,1.25,1.25,0.75,0.0,0.0,2.5,,,198.6072,198.6072,0.0050350641869982,,,,,,,,,,,,,,,,,,,,,,,,,,,,,,swine,,Ecuador smallholder pigsty or swine pen with feeder and drinker,literature/system proxy,1 kg meat (carcass-weight proxy),literature/system proxy,ESPAC livestock modules do not expose direct infrastructure/water/electricity variables for this row; literature/system proxy attached,"FAO Livestock housing for pigs - Pig water consumption varies by class from about 2.5 L/day at 25 kg to 7.0 L/day at 90 to 120 kg; 7.0 L/head/day was adopted as a practical market-pig proxy for mixed ESPAC swine rows. (https://www.fao.org/3/s1250e/S1250E14.htm) | Caracterización de granjas porcinas de Banasur, Pasaje, El Oro - Provides Ecuador smallholder swine-system context and supports the use of a simple pen-based infrastructure proxy, although it does not provide a clean biological drinking-water factor. (https://polodelconocimiento.com/ojs/index.php/es/article/view/1043/html) | National Hog Farmer study summary - Finishing-barn electricity around 11.2 kWh per finished pig produced was annualized over a 180-day finishing period to derive a daily proxy. (https://www.nationalhogfarmer.com/livestock-management/study-goes-to-pig-barns-to-find-actual-energy-use)","Animals_total_head multiplied by representative live weight, then converted to estimated meat output with the configured carcass-yield proxy.",kg meat (carcass-weight proxy),head,as-fed kg/head/day,,"share-based, absolute kg/head/day estimated from configured intake assumption",common feed + supplement + waste shares from ESPAC swine module,,,,
Oriente,cattle_live,(unknown),8,1.0,0.00325,2.0,1.0,,0.0303571428571428,0.0,2.0,,,,,0.004,0.0,0.004,0.0060714285714285,0.0054642857142857,0.0041142857142857,0.0,0.0,0.0003083333333333,0.0,0.0,0.0,0.0060714285714285,0.005,6.5,8.5,7.5,,50.0,0.0,400.0,3400.0,,,,,92.5,7.5,0.0,8.029833541045,100.0,0.0,0.5666666666666667,0.0,91.7008435583582,0.0,0.0,10.0,,,10.0,9.25,9.17008435583582,0.0,0.0,1.0,0.0,0.0,0.0,0.0,10.0,10.0,100.0,1700.0,1700.0,0.0006071428571428,,,,,,,,,,,,,,,,,,,,,,,,,,,,,,cattle,Mecánico,milking system: nan,ESPAC direct (gl_sistema_ordenio),1 kg meat (carcass-weight proxy),mixed: direct ESPAC infrastructure + literature proxy water/electricity,infrastructure from ESPAC cattle milking-system field; water/electricity from literature proxy,FAO Livestock housing water requirements - Reports dry dairy cow water requirements around 40 to 60 L/day; the midpoint 50 L/day was adopted when the cattle system is unspecified. (https://www.fao.org/3/S1250E/S1250E12.htm),"Animals_total_head multiplied by representative live weight, then converted to estimated meat output with the configured carcass-yield proxy.",kg meat (carcass-weight proxy),,as-fed kg/head/day,,"share-based, absolute kg/head/day estimated from configured intake assumption","pasture + supplement shares from ESPAC cattle module; pasture share split across linked cultivated pasture, linked natural pasture, and unmatched residual using holding-level ESPAC pasture areas",,,,
Oriente,cattle_live,beef,389,1.0,0.006,2.0,0.8,,0.0192307692307692,0.0,2.0,,,,,0.0033333333333333,0.0,0.0034905411790458,0.003076923076923,0.0029230769230769,0.002375,0.0,0.0,0.0001818181818181,0.0,0.0,0.0,0.003076923076923,0.005,15.72,13.0,5.0,,50.0,0.0,400.0,5200.0,,,,,95.0,9.0,0.0,9.0,100.0,0.0,0.625,0.0,95.0,0.0,0.0,10.0,,,8.0,7.6,7.6,0.0,0.0,0.8,0.0,0.0,0.0,0.0,8.0,15.0,100.0,2600.0,2600.0,0.0003846153846153,,,,,,,,,,,,,,,,,,,,,,,,,,,,,,cattle,Mecánico,milking system: nan,ESPAC direct (gl_sistema_ordenio),1 kg meat (carcass-weight proxy),mixed: direct ESPAC infrastructure + literature proxy water/electricity,infrastructure from ESPAC cattle milking-system field; water/electricity from literature proxy,FAO Livestock housing water requirements - Reports dry dairy cow water requirements around 40 to 60 L/day; the midpoint 50 L/day was adopted for beef cattle. (https://www.fao.org/3/S1250E/S1250E12.htm),"Animals_total_head multiplied by representative live weight, then converted to estimated meat output with the configured carcass-yield proxy.",kg meat (carcass-weight proxy),,as-fed kg/head/day,,"share-based, absolute kg/head/day estimated from configured intake assumption","pasture + supplement shares from ESPAC cattle module; pasture share split across linked cultivated pasture, linked natural pasture, and unmatched residual using holding-level ESPAC pasture areas",,,,
Oriente,cattle_live,dairy,125,1.0,0.0042424242424242,2.0,0.9090909090909092,,0.0225641025641025,0.0005128205128205,2.0,,,,,0.002370791844476,0.0,0.0024675424192665,0.0041025641025641,0.0035959595959595,0.0025263157894736,0.0,0.0,0.000467178175618,0.0,0.0,0.0,0.0039560439560439,0.0044444444444444,14.8,13.0,6.0,,66.0,1.5,450.0,5850.0,,,,,90.0,6.25,0.0,6.75,100.0,0.0,0.5263157894736842,0.0,90.0,0.0,0.0,10.0,,,12.0,10.8,10.8,0.0,0.0,1.2,0.0,0.0,0.0,0.0,12.0,15.0,100.0,2925.0,2925.0,0.0003418803418803,,,,,,,,,,,,,,,,,,,,,,,,,,,,,,cattle,Mecánico,milking system: Mecánico,ESPAC direct (gl_sistema_ordenio),1 kg meat (carcass-weight proxy),mixed: direct ESPAC infrastructure + literature proxy water/electricity,infrastructure from ESPAC cattle milking-system field; water/electricity from literature proxy,"FAO small-scale dairy manual - Uses 4 to 6 L water per kg dry matter intake; the worked example for a 300 kg cow producing 10 kg milk/day gives about 66 L/day, adopted here as the dairy drinking-water proxy. (https://www.fao.org/4/t1265e/t1275e01.htm) | FAO Livestock housing water requirements - Reports dry dairy cow water requirements around 40 to 60 L/day, supporting the order of magnitude adopted for low-intensity tropical dairy systems. (https://www.fao.org/3/S1250E/S1250E12.htm) | Uruguay MGAP dairy intermediate-consumption report - Provides Latin American dairy infrastructure energy benchmarks for milking-room electricity and milk cooling; a rounded 1.5 kWh/cow/day proxy was adopted as a moderate regional milking-plus-cooling estimate. (https://www.gub.uy/ministerio-ganaderia-agricultura-pesca/sites/ministerio-ganaderia-agricultura-pesca/files/documentos/publicaciones/informe_consumo_intermedio.pdf)","Animals_total_head multiplied by representative live weight, then converted to estimated meat output with the configured carcass-yield proxy.",kg meat (carcass-weight proxy),,as-fed kg/head/day,,"share-based, absolute kg/head/day estimated from configured intake assumption","pasture + supplement shares from ESPAC cattle module; pasture share split across linked cultivated pasture, linked natural pasture, and unmatched residual using holding-level ESPAC pasture areas",,,,
Oriente,cattle_live,dual-purpose,303,1.0,0.0050961538461538,2.0,0.7453703703703705,,0.0131578947368421,0.0,2.0,,,,,0.0034090909090909,0.0,0.0034210526315789,0.0026315789473684,0.0025,0.0020833333333333,0.0,0.0,0.0001785714285714,0.0,0.0,0.0,0.0026315789473684,0.005,20.0,19.0,7.0,,50.0,0.0,400.0,7600.0,,,,,95.0,11.9,0.0,12.0,100.0,0.0,0.6590909090909091,0.0,95.0,0.0,0.0,10.0,,,10.0,9.5,9.5,0.0,0.0,1.0,0.0,0.0,0.0,0.0,10.0,19.0,100.0,3800.0,3800.0,0.0002631578947368,,,,,,,,,,,,,,,,,,,,,,,,,,,,,,cattle,Mecánico,milking system: Mecánico,ESPAC direct (gl_sistema_ordenio),1 kg meat (carcass-weight proxy),mixed: direct ESPAC infrastructure + literature proxy water/electricity,infrastructure from ESPAC cattle milking-system field; water/electricity from literature proxy,FAO Livestock housing water requirements - Reports dry dairy cow water requirements around 40 to 60 L/day; the midpoint 50 L/day was adopted for dual-purpose cattle where milk intensity is lower than specialized dairy. (https://www.fao.org/3/S1250E/S1250E12.htm),"Animals_total_head multiplied by representative live weight, then converted to estimated meat output with the configured carcass-yield proxy.",kg meat (carcass-weight proxy),,as-fed kg/head/day,,"share-based, absolute kg/head/day estimated from configured intake assumption","pasture + supplement shares from ESPAC cattle module; pasture share split across linked cultivated pasture, linked natural pasture, and unmatched residual using holding-level ESPAC pasture areas",,,,
Oriente,eggs,(unknown),1,,,,,,,,,,,,,,,,,,,,,,,,,,,,2.0,2.0,,0.222,0.005,1.514,3.028,,,,,0.0,,,,,,,,0.0,0.0,0.0,0.0,100.0,0.0,0.081,0.0,0.0,0.0,0.0,0.0,0.081,0.0,0.0,0.0,0.081,,,,,,,,,,,,,,,,0.081,,0.0,0.0,100.0,0.0,0.0,0.0,0.081,0.0,,,,,,,,,,chicken,,"poultry shelter or coop, system unspecified",literature/system proxy,1 kg shell eggs,literature/system proxy,ESPAC livestock modules do not expose direct infrastructure/water/electricity variables for this row; literature/system proxy attached,"Producción sostenible en avicultura - Reports 222.03 L per 1000 hens per day, equivalent to 0.222 L/hen/day; used as the preferred practical water proxy for unspecified poultry rows. (https://dokumen.pub/produccion-sostenible-en-avicultura-l-6359269.html) | FAO small-scale poultry production - Reports that a laying hen can consume up to about 0.25 L/day of water, supporting the adopted 0.222 L/hen/day proxy. (https://www.fao.org/4/y4628e/y4628e03.htm) | Iowa layer-house electricity summary - A reduced poultry-house electricity proxy was retained as a fallback where ESPAC does not distinguish the shelter or lighting setup and no stronger Ecuador, Latin American, or FAO per-bird electricity factor was identified. (https://blogs.millersville.edu/aest/2022/05/13/dr-haughery-publishes-research-findings/)",Egg counts converted to kg shell eggs using 0.056699 kg/egg; live-weight-equivalent per kg shell eggs is based on total flock live weight divided by total egg output.,kg shell eggs,kg shell eggs,as-fed kg/head/day,as-fed kg/head/day,no diet share data in ESPAC; literature proxy attached from config,"no diet/ration fields found in avian module; literature proxy diet attached from inputs/02-05_espac_lci_coefficients.yml; main feed columns mapped from proxy diet as common compound feed, with no pasture or waste component",eggs,Ecuador direct,Semipasture or free-range scavenging was not quantified in the source; proxy covers balanced feed only.,Evaluación de parámetros productivos en crianza de gallinas criollas (gallina feliz). Patoa de Vallejo-Pujilí - Reports 0.081 ± 0.002 kg balanced feed per hen per day in a semipasture system in Cotopaxi. (https://repositorio.utc.edu.ec/handle/27000/7769)
Oriente,eggs,layers,1,1.0,,0.0200770007347864,0.0200770007347864,,2.9439195265010443e-05,1.3393507755702949e-06,0.0200770007347864,,,1.0,1.0,,,,1.0741328002098404e-05,0.0,0.0,0.0,0.0,0.0,1.0741328002098404e-05,0.0,0.0,1.0741328002098404e-05,,,100.0,100.0,,0.222,0.0101,1.514,151.4,,,7540.967,7540.967,0.0,,,,,,,,0.0,0.0,0.0,0.0,100.0,0.0,0.081,0.0,0.0,0.0,0.0,0.0,0.081,0.0,0.0,0.0,0.081,,,7540.967,7540.967,0.0001326089876802,,,,,,1.0741328002098404e-05,0.0,0.0,1.0741328002098404e-05,0.0,0.081,,0.0,0.0,100.0,0.0,0.0,0.0,0.081,0.0,17.63699536147022,17.63699536147022,4.62805367003993,,133000.0,133000.0,1330.0,34900.0,,chicken,,layer house or coop with drinkers and lighting,literature/system proxy,1 kg shell eggs,literature/system proxy,ESPAC livestock modules do not expose direct infrastructure/water/electricity variables for this row; literature/system proxy attached,"Producción sostenible en avicultura - Reports 222.03 L per 1000 hens per day, equivalent to 0.222 L/hen/day; used as the preferred Latin American-style layer water proxy. (https://dokumen.pub/produccion-sostenible-en-avicultura-l-6359269.html) | FAO small-scale poultry production - Reports that a laying hen can consume up to about 0.25 L/day of water, supporting the adopted 0.222 L/hen/day proxy. (https://www.fao.org/4/y4628e/y4628e03.htm) | Iowa layer-house electricity summary - Layer-house electricity around 10.1 kWh/day per 1000 birds was used, equivalent to 0.0101 kWh/bird/day. (https://blogs.millersville.edu/aest/2022/05/13/dr-haughery-publishes-research-findings/)",Egg counts converted to kg shell eggs using 0.056699 kg/egg; live-weight-equivalent per kg shell eggs is based on total flock live weight divided by total egg output.,kg shell eggs,kg shell eggs,as-fed kg/head/day,as-fed kg/head/day,no diet share data in ESPAC; literature proxy attached from config,"no diet/ration fields found in avian module; literature proxy diet attached from inputs/02-05_espac_lci_coefficients.yml; main feed columns mapped from proxy diet as common compound feed, with no pasture or waste component",eggs,Ecuador direct,Semipasture or free-range scavenging was not quantified in the source; proxy covers balanced feed only.,Evaluación de parámetros productivos en crianza de gallinas criollas (gallina feliz). Patoa de Vallejo-Pujilí - Reports 0.081 ± 0.002 kg balanced feed per hen per day in a semipasture system in Cotopaxi. (https://repositorio.utc.edu.ec/handle/27000/7769)
Oriente,goat_live,(all holdings),2,1.0,2.955103969754253,2.1739130434782608,,,0.5986137366099559,0.0,2.1739130434782608,,,,,,,,0.0637051039697542,0.0637051039697542,0.0,0.0,0.0637051039697542,0.0,0.0,0.0,0.0,0.0637051039697542,,31.765,2.0,,,9.5,0.0,23.0,46.0,,,,,100.0,,,,,,,,0.0,0.0,100.0,0.0,0.0,0.0,1.011,1.011,0.0,0.0,1.011,0.0,0.0,0.0,0.0,0.0,1.011,,,21.16,21.16,0.0630119722747322,,,,,,0.0637051039697542,0.050346565847511,0.0133585381222432,0.0,0.0,1.011,23.0,79.0,21.0,0.0,0.0,0.799,0.212,0.0,0.0,,,,,,,,,,caprine,,grazing goat holding with shelter and trough,literature/system proxy,1 kg meat (carcass-weight proxy),literature/system proxy,ESPAC livestock modules do not expose direct infrastructure/water/electricity variables for this row; literature/system proxy attached,FAO-linked livestock watering structures guideline - Reports ewe or doe water requirements around 9.5 L/day and milking ewe or doe requirements around 13.2 L/day; 9.5 L/head/day was adopted as a general goat live-animal proxy. (https://www.fao.org/fileadmin/user_upload/emergencies/docs/UNEP_FAO_South_Sudan_WH_Structures_guidelines.pdf),"Animals_total_head multiplied by representative live weight, then converted to estimated meat output with the configured carcass-yield proxy.",kg meat (carcass-weight proxy),,dry-matter kg/head/day,dry-matter kg/head/day,no diet share data in ESPAC; literature proxy attached from config,"no diet/ration fields found in other livestock module; literature proxy diet attached from inputs/02-05_espac_lci_coefficients.yml; main feed columns mapped from proxy diet as unmatched pasture for forage plus browse, with mineral or compound feed retained separately",goat_live,Ecuador plus fallback composite,Composite proxy. Total intake is a fallback mature-doe dry matter intake example; tree-forage share is based on Ecuadorian caprine preference data and native browse literature from the Ecuadorian Sierra.,Evaluación de la preferencia de consumo de leguminosas arbóreas con potencial forrajero en rumiantes menores - Reports caprine Acacia melanoxylon voluntary intake of 211.07 g/kg MS and 20.155 g/kg PV^0.75 at 23 kg live weight. (https://repositorio.uta.edu.ec/items/770d67bf-97e2-485a-8227-d941b7f4e1b2) | Cabras Lecheras Selección y Hábitos de Consumo de Plantas Nativas en la Sierra Ecuatoriana - Ecuador review identifying native browse and shrub resources as a central component of dairy goat feeding in the Sierra. (https://polodelconocimiento.com/ojs/index.php/es/article/download/7592/pdf) | Goat Nutrition - Provides a mature-doe dry matter intake example of about 1.011 kg/day (2.23 lb/day) used as fallback total intake. (https://sfyl.ifas.ufl.edu/duval/agriculture-and-agribusiness-management/livestock-and-poultry/goats/goat-nutrition/)
Oriente,milk,(unknown),4,1.0,0.1695943018702459,84.79715093512297,50.87829056107378,,0.5087829056107378,0.0050878290561073,84.79715093512297,1.0,5.833333333333334,,,0.1695943018702459,0.0,0.1695943018702459,0.0847971509351229,0.0763174358416106,0.0763174358416106,0.0,0.0,0.0084797150935122,0.0,0.0,0.0,0.0847971509351229,0.144155156589709,11.735,15.5,7.5,,60.0,0.6,400.0,6200.0,117.9284904,687.916194,,,92.5,11.735,0.0,11.735,100.0,0.0,0.83375,0.0,92.5,0.0,0.0,7.5,,,10.0,9.25,9.25,0.0,0.0,0.75,0.0,0.0,0.0,0.0,10.0,17.0,100.0,117.9284904,43043.898996,0.0084797150935122,1.0175658112214756,5.935800565458608,120.0,700.0,8.0,,,,,,,,,,,,,,,,,,,,,,,,,cattle,Mecánico,milking system: nan,ESPAC direct (gl_sistema_ordenio),1 kg FPCM,mixed: direct ESPAC infrastructure + literature proxy water/electricity,infrastructure from ESPAC cattle milking-system field; water/electricity from literature proxy,FAO small-scale dairy manual - Lactating-cow water use increases with dry matter intake and milk output; a reduced 60 L/day proxy was retained for milk rows with unspecified system. (https://www.fao.org/4/t1265e/t1275e01.htm) | Uruguay MGAP dairy intermediate-consumption report - Latin American dairy energy benchmarks were scaled to 0.6 kWh/head/day for milk rows with unspecified system. (https://www.gub.uy/ministerio-ganaderia-agricultura-pesca/sites/ministerio-ganaderia-agricultura-pesca/files/documentos/publicaciones/informe_consumo_intermedio.pdf),Milk liters/day converted to kg FPCM using 0.982737 kg FPCM/L; live-weight-equivalent per kg FPCM is based on total herd live weight divided by total milk output; DFE annualizes this daily output by multiplying by 365.,kg FPCM/day,kg FPCM/7d,as-fed kg/head/day,,"share-based, absolute kg/head/day estimated from configured intake assumption","pasture + supplement shares from ESPAC cattle module; pasture share split across linked cultivated pasture, linked natural pasture, and unmatched residual using holding-level ESPAC pasture areas",,,,
Oriente,milk,beef,262,1.0,1.5263487168322134,542.701765984787,101.75658112214757,,5.087829056107378,0.0254391452805368,542.701765984787,1.0,6.923076923076923,,,0.8055729338836682,0.0,0.8055729338836682,0.6783772074809837,0.6444583471069345,0.6353263462369982,0.0,0.0,0.0542701765984787,0.0,0.0,0.0,0.6783772074809837,1.3567544149619677,18.91,15.0,5.0,,60.0,0.3,400.0,6000.0,10.81011162,103.1874291,,,95.0,10.0,0.0,10.0,100.0,0.0,0.7495,0.0,95.0,0.0,0.0,10.0,,,8.0,7.6,7.6,0.0,0.0,0.8,0.0,0.0,0.0,0.0,8.0,16.0,100.0,10.81011162,3945.6907413,0.0847971509351229,1.0175658112214756,7.044686385379447,11.0,105.0,3.875,,,,,,,,,,,,,,,,,,,,,,,,,cattle,Mecánico,milking system: nan,ESPAC direct (gl_sistema_ordenio),1 kg FPCM,mixed: direct ESPAC infrastructure + literature proxy water/electricity,infrastructure from ESPAC cattle milking-system field; water/electricity from literature proxy,FAO small-scale dairy manual - Lactating-cow water use increases with dry matter intake and milk output; a reduced 60 L/day proxy was retained for low-intensity milk output in non-dairy systems. (https://www.fao.org/4/t1265e/t1275e01.htm) | Uruguay MGAP dairy intermediate-consumption report - Latin American dairy energy benchmarks were strongly downscaled to 0.3 kWh/head/day for occasional milk handling in beef-oriented systems. (https://www.gub.uy/ministerio-ganaderia-agricultura-pesca/sites/ministerio-ganaderia-agricultura-pesca/files/documentos/publicaciones/informe_consumo_intermedio.pdf),Milk liters/day converted to kg FPCM using 0.982737 kg FPCM/L; live-weight-equivalent per kg FPCM is based on total herd live weight divided by total milk output; DFE annualizes this daily output by multiplying by 365.,kg FPCM/day,kg FPCM/7d,as-fed kg/head/day,,"share-based, absolute kg/head/day estimated from configured intake assumption","pasture + supplement shares from ESPAC cattle module; pasture share split across linked cultivated pasture, linked natural pasture, and unmatched residual using holding-level ESPAC pasture areas",,,,
Oriente,milk,dairy,116,1.0,0.6441191585031941,274.7427690297984,91.58092300993282,,2.2386447846872466,0.0508782905610737,274.7427690297984,1.0,7.0,,,0.2989099570463084,0.0,0.3052697433664427,0.4070263244885903,0.4070263244885903,0.3826047450192749,0.0,0.0,0.0394306751848321,0.0,0.0,0.0,0.4070263244885903,0.6614177772939592,14.9,14.0,4.0,,66.0,1.5,450.0,6300.0,21.62022324,240.7706679,,,90.0,6.0,0.0,6.0,100.0,0.0,0.4975,0.0,90.0,0.0,0.0,10.0,,,12.0,10.8,10.8,0.0,0.0,1.2,0.0,0.0,0.0,0.0,12.0,15.5,100.0,21.62022324,7891.381482599999,0.0339188603740491,1.0175658112214756,7.12296067855033,22.0,245.0,5.0,,,,,,,,,,,,,,,,,,,,,,,,,cattle,Mecánico,milking system: Mecánico,ESPAC direct (gl_sistema_ordenio),1 kg FPCM,mixed: direct ESPAC infrastructure + literature proxy water/electricity,infrastructure from ESPAC cattle milking-system field; water/electricity from literature proxy,"FAO small-scale dairy manual - Uses 4 to 6 L water per kg dry matter intake; the worked example for a 300 kg cow producing 10 kg milk/day gives about 66 L/day, adopted here as the milk-row water proxy. (https://www.fao.org/4/t1265e/t1275e01.htm) | FAO Milking, milk collection and transport - Gives wash-water benchmarks for hand, bucket, and pipeline milking plus plate-cooler water loads, supporting a dedicated dairy handling infrastructure proxy. (https://www.fao.org/4/i2433e/i2433e07.pdf) | Uruguay MGAP dairy intermediate-consumption report - Provides Latin American dairy infrastructure energy benchmarks for milking-room electricity and milk cooling; a rounded 1.5 kWh/cow/day proxy was adopted as a moderate regional milking-plus-cooling estimate. (https://www.gub.uy/ministerio-ganaderia-agricultura-pesca/sites/ministerio-ganaderia-agricultura-pesca/files/documentos/publicaciones/informe_consumo_intermedio.pdf)",Milk liters/day converted to kg FPCM using 0.982737 kg FPCM/L; live-weight-equivalent per kg FPCM is based on total herd live weight divided by total milk output; DFE annualizes this daily output by multiplying by 365.,kg FPCM/day,kg FPCM/7d,as-fed kg/head/day,,"share-based, absolute kg/head/day estimated from configured intake assumption","pasture + supplement shares from ESPAC cattle module; pasture share split across linked cultivated pasture, linked natural pasture, and unmatched residual using holding-level ESPAC pasture areas",,,,
Oriente,milk,dual-purpose,287,1.0,1.2617816059146298,461.296501087069,101.75658112214757,,3.3918860374049187,0.0339188603740491,461.296501087069,1.0,6.96,,,0.7265419892121336,0.0,0.7265419892121336,0.5653143395674864,0.4833437603302009,0.457904615049664,0.0,0.0,0.0339188603740491,0.0,0.0,0.0,0.5653143395674864,1.102362962156599,20.1,20.0,4.0,,60.0,0.6,400.0,8000.0,16.70653614,137.5832388,,,95.0,12.0,0.0,12.0,100.0,0.0,0.6590909090909091,0.0,95.0,0.0,0.0,10.0,,,10.0,9.5,9.5,0.0,0.0,1.0,0.0,0.0,0.0,0.0,10.0,19.0,100.0,16.70653614,6097.8856911,0.0565314339567486,1.0175658112214756,7.082258046101471,17.0,140.0,4.0,,,,,,,,,,,,,,,,,,,,,,,,,cattle,Mecánico,milking system: Mecánico,ESPAC direct (gl_sistema_ordenio),1 kg FPCM,mixed: direct ESPAC infrastructure + literature proxy water/electricity,infrastructure from ESPAC cattle milking-system field; water/electricity from literature proxy,FAO small-scale dairy manual - Lactating-cow water use increases with dry matter intake and milk output; a reduced 60 L/day proxy was retained for lower-intensity dual-purpose milk systems. (https://www.fao.org/4/t1265e/t1275e01.htm) | Uruguay MGAP dairy intermediate-consumption report - Latin American dairy energy benchmarks were scaled down to 0.6 kWh/head/day for lower-intensity dual-purpose milk handling. (https://www.gub.uy/ministerio-ganaderia-agricultura-pesca/sites/ministerio-ganaderia-agricultura-pesca/files/documentos/publicaciones/informe_consumo_intermedio.pdf),Milk liters/day converted to kg FPCM using 0.982737 kg FPCM/L; live-weight-equivalent per kg FPCM is based on total herd live weight divided by total milk output; DFE annualizes this daily output by multiplying by 365.,kg FPCM/day,kg FPCM/7d,as-fed kg/head/day,,"share-based, absolute kg/head/day estimated from configured intake assumption","pasture + supplement shares from ESPAC cattle module; pasture share split across linked cultivated pasture, linked natural pasture, and unmatched residual using holding-level ESPAC pasture areas",,,,
Oriente,ovine_live,(all ovine),21,1.0,0.0954054326245216,2.1739130434782608,,0.7246376811594203,0.0455596159564162,0.0,2.1739130434782608,,,,,,,,0.0076252409863896,0.0075952675548393,0.0,0.0,0.0075952675548393,2.997343155027384e-05,0.0,0.0,6.915416843657244e-19,0.0076252409863896,,27.08,6.0,,2.0,7.6,0.0,60.44,362.64,,,,,99.6069182389937,,,,,,,,0.0,0.0,99.6069182389937,0.3930817610062893,0.0,0.0,1.272,1.267,0.0,0.0,1.267,0.005,0.0,0.0,9.069112511985664e-15,1.1535911115245767e-16,1.272,,,166.8144,166.8144,0.0059946863100547,,,,,,0.0076252409863896,0.0059587181921944,0.0016365493626449,0.0,2.997343155027384e-05,1.272,60.44,78.1,21.5,0.0,0.4,0.994,0.273,0.0,0.005,,,,,,,,,,ovine,,grazing ovine holding with shelter and trough,literature/system proxy,1 kg meat (carcass-weight proxy),literature/system proxy,ESPAC livestock modules do not expose direct infrastructure/water/electricity variables for this row; literature/system proxy attached,FAO-linked livestock watering structures guideline - Reports feeder lamb and kid water requirements around 7.6 L/day and adult ewe or doe requirements above that level; 7.6 L/head/day was retained as a conservative live-animal proxy for mixed ovine rows. (https://www.fao.org/fileadmin/user_upload/emergencies/docs/UNEP_FAO_South_Sudan_WH_Structures_guidelines.pdf),"Animals_total_head multiplied by representative live weight, then converted to estimated meat output with the configured carcass-yield proxy.",kg meat (carcass-weight proxy),head,dry-matter kg/head/day,dry-matter kg/head/day,no diet share data in ESPAC; literature proxy attached from config,"no diet/ration fields found in ovine module; literature proxy diet attached from inputs/02-05_espac_lci_coefficients.yml; main feed columns mapped from proxy diet as unmatched pasture for forage plus browse, with mineral or compound feed retained separately",ovine_live,Ecuador composite,Composite Ecuador proxy. Total intake is based on an ovine feeding trial; tree-forage share comes from Acacia mearnsii voluntary intake; mineral intake comes from a Blackbelly sheep grazing study in the Ecuadorian Amazon.,UTA thesis by Erika Esthefanía Lluay Guilcapi (bitstream 32507) - Reports voluntary dry matter intake of 1268.85 g/day in weaned sheep in Ecuador. (https://repositorio.uta.edu.ec/bitstream/123456789/32507/1/Tesis%20182%20Medicina%20Veterinaria%20y%20Zootecnia%20-Lluay%20Guilcapi%20Erika%20Esthefan%C3%ADa.pdf) | Evaluación de la preferencia de consumo de leguminosas arbóreas con potencial forrajero en rumiantes menores - Reports ovine Acacia mearnssi voluntary intake of 272.50 g/kg MS and 12.60 g/kg PV^0.75 at 60.44 kg live weight. (https://repositorio.uta.edu.ec/items/770d67bf-97e2-485a-8227-d941b7f4e1b2) | Effect of Mineral Supplementation on the Macromineral Concentration in Blood in Pre- and Postpartum Blackbelly Sheep - Reports 0.005 kg per animal per day mineral supplementation under free-grazing conditions in the Ecuadorian Amazon. (https://pmc.ncbi.nlm.nih.gov/articles/PMC7401505/)
Oriente,swine_live,(all swine),268,1.0,0.1556976114998181,1.5151515151515154,,0.7575757575757577,0.0469939324119837,0.0004162319727918,1.5151515151515154,,,,,,,,0.0167835472899941,0.0,0.0,0.0,0.0,0.0025175320934991,0.0075525962804973,0.0062938302337478,0.0,0.0167835472899941,,30.02,3.0,,2.0,7.0,0.062,75.23,225.69,,,,,0.0,,,,,,,,0.0,0.0,0.0,30.0,50.0,40.0,2.5,0.0,0.0,0.0,0.0,0.75,1.25,1.0,0.0,0.0,2.5,,,148.9554,148.9554,0.0067134189159976,,,,,,,,,,,,,,,,,,,,,,,,,,,,,,swine,,Ecuador smallholder pigsty or swine pen with feeder and drinker,literature/system proxy,1 kg meat (carcass-weight proxy),literature/system proxy,ESPAC livestock modules do not expose direct infrastructure/water/electricity variables for this row; literature/system proxy attached,"FAO Livestock housing for pigs - Pig water consumption varies by class from about 2.5 L/day at 25 kg to 7.0 L/day at 90 to 120 kg; 7.0 L/head/day was adopted as a practical market-pig proxy for mixed ESPAC swine rows. (https://www.fao.org/3/s1250e/S1250E14.htm) | Caracterización de granjas porcinas de Banasur, Pasaje, El Oro - Provides Ecuador smallholder swine-system context and supports the use of a simple pen-based infrastructure proxy, although it does not provide a clean biological drinking-water factor. (https://polodelconocimiento.com/ojs/index.php/es/article/view/1043/html) | National Hog Farmer study summary - Finishing-barn electricity around 11.2 kWh per finished pig produced was annualized over a 180-day finishing period to derive a daily proxy. (https://www.nationalhogfarmer.com/livestock-management/study-goes-to-pig-barns-to-find-actual-energy-use)","Animals_total_head multiplied by representative live weight, then converted to estimated meat output with the configured carcass-yield proxy.",kg meat (carcass-weight proxy),head,as-fed kg/head/day,,"share-based, absolute kg/head/day estimated from configured intake assumption",common feed + supplement + waste shares from ESPAC swine module,,,,
Sierra,cattle_live,(unknown),64,1.0,0.00275,2.0,1.0,,0.05,0.0,2.0,,,,,0.00034,0.0,0.00125,0.01,0.00995,0.0045833333333333,0.0,0.0,0.000625,0.0,0.0,0.0,0.01,0.005,3.0876,5.0,3.0,,50.0,0.0,400.0,2000.0,,,,,95.0,0.34,0.0,1.39,100.0,0.0,0.0504761904761904,0.0,90.0,0.0,0.0,10.0,,,10.0,9.5,9.0,0.0,0.0,1.0,0.0,0.0,0.0,0.0,10.0,6.0,100.0,1000.0,1000.0,0.001,,,,,,,,,,,,,,,,,,,,,,,,,,,,,,cattle,Mecánico,milking system: nan,ESPAC direct (gl_sistema_ordenio),1 kg meat (carcass-weight proxy),mixed: direct ESPAC infrastructure + literature proxy water/electricity,infrastructure from ESPAC cattle milking-system field; water/electricity from literature proxy,FAO Livestock housing water requirements - Reports dry dairy cow water requirements around 40 to 60 L/day; the midpoint 50 L/day was adopted when the cattle system is unspecified. (https://www.fao.org/3/S1250E/S1250E12.htm),"Animals_total_head multiplied by representative live weight, then converted to estimated meat output with the configured carcass-yield proxy.",kg meat (carcass-weight proxy),,as-fed kg/head/day,,"share-based, absolute kg/head/day estimated from configured intake assumption","pasture + supplement shares from ESPAC cattle module; pasture share split across linked cultivated pasture, linked natural pasture, and unmatched residual using holding-level ESPAC pasture areas",,,,
Sierra,cattle_live,beef,1929,1.0,0.0021090909090909,2.0,0.8,,0.0625,0.0,2.0,,,,,0.000275,0.0,0.000933227480206,0.01,0.0095,0.003076923076923,0.0,0.0,0.0005714285714285,0.0,0.0,0.0,0.01,0.005,1.98,4.0,3.0,,50.0,0.0,400.0,1600.0,,,,,98.0,0.14,0.0,0.668764120608,100.0,0.0,0.018,0.0,90.0,0.0,0.0,10.0,,,8.0,7.84,7.2,0.0,0.0,0.8,0.0,0.0,0.0,0.0,8.0,4.0,100.0,800.0,800.0,0.00125,,,,,,,,,,,,,,,,,,,,,,,,,,,,,,cattle,Mecánico,milking system: nan,ESPAC direct (gl_sistema_ordenio),1 kg meat (carcass-weight proxy),mixed: direct ESPAC infrastructure + literature proxy water/electricity,infrastructure from ESPAC cattle milking-system field; water/electricity from literature proxy,FAO Livestock housing water requirements - Reports dry dairy cow water requirements around 40 to 60 L/day; the midpoint 50 L/day was adopted for beef cattle. (https://www.fao.org/3/S1250E/S1250E12.htm),"Animals_total_head multiplied by representative live weight, then converted to estimated meat output with the configured carcass-yield proxy.",kg meat (carcass-weight proxy),,as-fed kg/head/day,,"share-based, absolute kg/head/day estimated from configured intake assumption","pasture + supplement shares from ESPAC cattle module; pasture share split across linked cultivated pasture, linked natural pasture, and unmatched residual using holding-level ESPAC pasture areas",,,,
Sierra,cattle_live,dairy,4553,1.0,0.0013888888888888,2.0,1.0,,0.0488888888888888,0.0011111111111111,2.0,,,,,0.0004,0.0,0.0006751499404702,0.0088888888888888,0.008,0.0041025641025641,0.0,0.0,0.0008888888888888,0.0,0.0,0.0,0.0088888888888888,0.0044444444444444,1.98,6.0,3.0,,66.0,1.5,450.0,2700.0,,,,,90.0,0.5,0.0,0.8699861327730001,100.0,0.0,0.075,0.0,80.0,0.0,0.0,10.0,,,12.0,10.8,9.6,0.0,0.0,1.2,0.0,0.0,0.0,0.0,12.0,6.0,100.0,1350.0,1350.0,0.0007407407407407,,,,,,,,,,,,,,,,,,,,,,,,,,,,,,cattle,Mecánico,milking system: Mecánico,ESPAC direct (gl_sistema_ordenio),1 kg meat (carcass-weight proxy),mixed: direct ESPAC infrastructure + literature proxy water/electricity,infrastructure from ESPAC cattle milking-system field; water/electricity from literature proxy,"FAO small-scale dairy manual - Uses 4 to 6 L water per kg dry matter intake; the worked example for a 300 kg cow producing 10 kg milk/day gives about 66 L/day, adopted here as the dairy drinking-water proxy. (https://www.fao.org/4/t1265e/t1275e01.htm) | FAO Livestock housing water requirements - Reports dry dairy cow water requirements around 40 to 60 L/day, supporting the order of magnitude adopted for low-intensity tropical dairy systems. (https://www.fao.org/3/S1250E/S1250E12.htm) | Uruguay MGAP dairy intermediate-consumption report - Provides Latin American dairy infrastructure energy benchmarks for milking-room electricity and milk cooling; a rounded 1.5 kWh/cow/day proxy was adopted as a moderate regional milking-plus-cooling estimate. (https://www.gub.uy/ministerio-ganaderia-agricultura-pesca/sites/ministerio-ganaderia-agricultura-pesca/files/documentos/publicaciones/informe_consumo_intermedio.pdf)","Animals_total_head multiplied by representative live weight, then converted to estimated meat output with the configured carcass-yield proxy.",kg meat (carcass-weight proxy),,as-fed kg/head/day,,"share-based, absolute kg/head/day estimated from configured intake assumption","pasture + supplement shares from ESPAC cattle module; pasture share split across linked cultivated pasture, linked natural pasture, and unmatched residual using holding-level ESPAC pasture areas",,,,
Sierra,cattle_live,dual-purpose,1911,1.0,0.0028177,2.0,0.8275862068965517,,0.0357142857142857,0.0,2.0,,,,,0.000638,0.0,0.00125,0.0071428571428571,0.0059375,0.00296875,0.0,0.0,0.0005555555555555,0.0,0.0,0.0,0.0071428571428571,0.005,4.36,7.0,3.0,,50.0,0.0,400.0,2800.0,,,,,90.0,0.76,0.0,1.65,100.0,0.0,0.0999999999999999,0.0,90.0,0.0,0.0,10.0,,,10.0,9.0,9.0,0.0,0.0,1.0,0.0,0.0,0.0,0.0,10.0,8.0,100.0,1400.0,1400.0,0.0007142857142857,,,,,,,,,,,,,,,,,,,,,,,,,,,,,,cattle,Mecánico,milking system: Mecánico,ESPAC direct (gl_sistema_ordenio),1 kg meat (carcass-weight proxy),mixed: direct ESPAC infrastructure + literature proxy water/electricity,infrastructure from ESPAC cattle milking-system field; water/electricity from literature proxy,FAO Livestock housing water requirements - Reports dry dairy cow water requirements around 40 to 60 L/day; the midpoint 50 L/day was adopted for dual-purpose cattle where milk intensity is lower than specialized dairy. (https://www.fao.org/3/S1250E/S1250E12.htm),"Animals_total_head multiplied by representative live weight, then converted to estimated meat output with the configured carcass-yield proxy.",kg meat (carcass-weight proxy),,as-fed kg/head/day,,"share-based, absolute kg/head/day estimated from configured intake assumption","pasture + supplement shares from ESPAC cattle module; pasture share split across linked cultivated pasture, linked natural pasture, and unmatched residual using holding-level ESPAC pasture areas",,,,
Sierra,eggs,(unknown),4,,,,,,,,,,,,,,,,,,,,,,,,,,,,2.0,2.0,,0.222,0.005,1.514,3.028,,,,,0.0,,,,,,,,0.0,0.0,0.0,0.0,100.0,0.0,0.081,0.0,0.0,0.0,0.0,0.0,0.081,0.0,0.0,0.0,0.081,,,,,,,,,,,,,,,,0.081,,0.0,0.0,100.0,0.0,0.0,0.0,0.081,0.0,,,,,,,,,,chicken,,"poultry shelter or coop, system unspecified",literature/system proxy,1 kg shell eggs,literature/system proxy,ESPAC livestock modules do not expose direct infrastructure/water/electricity variables for this row; literature/system proxy attached,"Producción sostenible en avicultura - Reports 222.03 L per 1000 hens per day, equivalent to 0.222 L/hen/day; used as the preferred practical water proxy for unspecified poultry rows. (https://dokumen.pub/produccion-sostenible-en-avicultura-l-6359269.html) | FAO small-scale poultry production - Reports that a laying hen can consume up to about 0.25 L/day of water, supporting the adopted 0.222 L/hen/day proxy. (https://www.fao.org/4/y4628e/y4628e03.htm) | Iowa layer-house electricity summary - A reduced poultry-house electricity proxy was retained as a fallback where ESPAC does not distinguish the shelter or lighting setup and no stronger Ecuador, Latin American, or FAO per-bird electricity factor was identified. (https://blogs.millersville.edu/aest/2022/05/13/dr-haughery-publishes-research-findings/)",Egg counts converted to kg shell eggs using 0.056699 kg/egg; live-weight-equivalent per kg shell eggs is based on total flock live weight divided by total egg output.,kg shell eggs,kg shell eggs,as-fed kg/head/day,as-fed kg/head/day,no diet share data in ESPAC; literature proxy attached from config,"no diet/ration fields found in avian module; literature proxy diet attached from inputs/02-05_espac_lci_coefficients.yml; main feed columns mapped from proxy diet as common compound feed, with no pasture or waste component",eggs,Ecuador direct,Semipasture or free-range scavenging was not quantified in the source; proxy covers balanced feed only.,Evaluación de parámetros productivos en crianza de gallinas criollas (gallina feliz). Patoa de Vallejo-Pujilí - Reports 0.081 ± 0.002 kg balanced feed per hen per day in a semipasture system in Cotopaxi. (https://repositorio.utc.edu.ec/handle/27000/7769)
Sierra,eggs,layers,202,1.0,,4.76828767451177,4.76828767451177,,2.595399610140161e-05,1.1807899127214243e-06,4.76828767451177,,,1.0,0.9947864009389804,,,,9.469701280241126e-06,0.0,0.0,0.0,0.0,0.0,9.469701280241126e-06,0.0,0.0,9.469701280241126e-06,,,30500.0,30500.0,,0.222,0.0101,1.514,46177.0,,,8553.61114,8105.12205,0.0,,,,,,,,0.0,0.0,0.0,0.0,100.0,0.0,0.081,0.0,0.0,0.0,0.0,0.0,0.081,0.0,0.0,0.0,0.081,,,8553.61114,8553.61114,0.0001169098923486,,,,,,9.469701280241126e-06,0.0,0.0,9.469701280241126e-06,0.0,0.081,,0.0,0.0,100.0,0.0,0.0,0.0,0.081,0.0,17.63699536147022,17.545043139014453,0.9931672657796464,,150860.0,142950.0,5.6,15000.0,,chicken,,layer house or coop with drinkers and lighting,literature/system proxy,1 kg shell eggs,literature/system proxy,ESPAC livestock modules do not expose direct infrastructure/water/electricity variables for this row; literature/system proxy attached,"Producción sostenible en avicultura - Reports 222.03 L per 1000 hens per day, equivalent to 0.222 L/hen/day; used as the preferred Latin American-style layer water proxy. (https://dokumen.pub/produccion-sostenible-en-avicultura-l-6359269.html) | FAO small-scale poultry production - Reports that a laying hen can consume up to about 0.25 L/day of water, supporting the adopted 0.222 L/hen/day proxy. (https://www.fao.org/4/y4628e/y4628e03.htm) | Iowa layer-house electricity summary - Layer-house electricity around 10.1 kWh/day per 1000 birds was used, equivalent to 0.0101 kWh/bird/day. (https://blogs.millersville.edu/aest/2022/05/13/dr-haughery-publishes-research-findings/)",Egg counts converted to kg shell eggs using 0.056699 kg/egg; live-weight-equivalent per kg shell eggs is based on total flock live weight divided by total egg output.,kg shell eggs,kg shell eggs,as-fed kg/head/day,as-fed kg/head/day,no diet share data in ESPAC; literature proxy attached from config,"no diet/ration fields found in avian module; literature proxy diet attached from inputs/02-05_espac_lci_coefficients.yml; main feed columns mapped from proxy diet as common compound feed, with no pasture or waste component",eggs,Ecuador direct,Semipasture or free-range scavenging was not quantified in the source; proxy covers balanced feed only.,Evaluación de parámetros productivos en crianza de gallinas criollas (gallina feliz). Patoa de Vallejo-Pujilí - Reports 0.081 ± 0.002 kg balanced feed per hen per day in a semipasture system in Cotopaxi. (https://repositorio.utc.edu.ec/handle/27000/7769)
Sierra,goat_live,(all holdings),86,1.0,0.1045274953592533,2.1739130434782608,,,0.2244801512287334,0.0,2.1739130434782608,,,,,,,,0.0238894139886578,0.0238894139886578,0.0,0.0,0.0238894139886578,0.0,0.0,0.0,0.0,0.0238894139886578,,5.0,4.0,,,9.5,0.0,23.0,92.0,,,,,100.0,,,,,,,,0.0,0.0,100.0,0.0,0.0,0.0,1.011,1.011,0.0,0.0,1.011,0.0,0.0,0.0,0.0,0.0,1.011,,,42.32,42.32,0.0236294896030245,,,,,,0.0238894139886578,0.0188799621928166,0.0050094517958412,0.0,0.0,1.011,23.0,79.0,21.0,0.0,0.0,0.799,0.212,0.0,0.0,,,,,,,,,,caprine,,grazing goat holding with shelter and trough,literature/system proxy,1 kg meat (carcass-weight proxy),literature/system proxy,ESPAC livestock modules do not expose direct infrastructure/water/electricity variables for this row; literature/system proxy attached,FAO-linked livestock watering structures guideline - Reports ewe or doe water requirements around 9.5 L/day and milking ewe or doe requirements around 13.2 L/day; 9.5 L/head/day was adopted as a general goat live-animal proxy. (https://www.fao.org/fileadmin/user_upload/emergencies/docs/UNEP_FAO_South_Sudan_WH_Structures_guidelines.pdf),"Animals_total_head multiplied by representative live weight, then converted to estimated meat output with the configured carcass-yield proxy.",kg meat (carcass-weight proxy),,dry-matter kg/head/day,dry-matter kg/head/day,no diet share data in ESPAC; literature proxy attached from config,"no diet/ration fields found in other livestock module; literature proxy diet attached from inputs/02-05_espac_lci_coefficients.yml; main feed columns mapped from proxy diet as unmatched pasture for forage plus browse, with mineral or compound feed retained separately",goat_live,Ecuador plus fallback composite,Composite proxy. Total intake is a fallback mature-doe dry matter intake example; tree-forage share is based on Ecuadorian caprine preference data and native browse literature from the Ecuadorian Sierra.,Evaluación de la preferencia de consumo de leguminosas arbóreas con potencial forrajero en rumiantes menores - Reports caprine Acacia melanoxylon voluntary intake of 211.07 g/kg MS and 20.155 g/kg PV^0.75 at 23 kg live weight. (https://repositorio.uta.edu.ec/items/770d67bf-97e2-485a-8227-d941b7f4e1b2) | Cabras Lecheras Selección y Hábitos de Consumo de Plantas Nativas en la Sierra Ecuatoriana - Ecuador review identifying native browse and shrub resources as a central component of dairy goat feeding in the Sierra. (https://polodelconocimiento.com/ojs/index.php/es/article/download/7592/pdf) | Goat Nutrition - Provides a mature-doe dry matter intake example of about 1.011 kg/day (2.23 lb/day) used as fallback total intake. (https://sfyl.ifas.ufl.edu/duval/agriculture-and-agribusiness-management/livestock-and-poultry/goats/goat-nutrition/)
Sierra,meat_poultry,(all holdings),6,1.0,,1.3333333333333333,,0.0,4.990740740740742e-06,9.074074074074073e-08,1.3333333333333333,,,,,,,,1.2340740740740742e-06,0.0,0.0,0.0,0.0,0.0,1.2340740740740742e-06,0.0,0.0,1.2340740740740742e-06,,,36750.0,,0.0,0.275,0.005,2.0,73500.0,,,,,0.0,,,,,,,,0.0,0.0,0.0,0.0,100.0,0.0,0.068,0.0,0.0,0.0,0.0,0.0,0.068,0.0,0.0,0.0,0.068,,,55125.0,55125.0,1.8148148148148147e-05,,,,,,1.2340740740740742e-06,0.0,0.0,1.2340740740740742e-06,0.0,0.068,2.0,0.0,0.0,100.0,0.0,0.0,0.0,0.068,0.0,,,0.0,,,,,0.0,,chicken,,broiler house or coop for meat birds,literature/system proxy,1 kg meat (carcass-weight proxy),literature/system proxy,ESPAC livestock modules do not expose direct infrastructure/water/electricity variables for this row; literature/system proxy attached,"FAO Rural structures in the tropics - Table 10.15 reports broiler drinking-water requirements around 0.20 to 0.35 L/bird/day at 9 to 12 weeks; the midpoint 0.275 L/bird/day was adopted. (https://www.fao.org/4/s1250e/S1250E0q.htm) | Iowa layer-house electricity summary - In the absence of a stronger broiler electricity factor in ESPAC, a conservative small-poultry-house electricity proxy of 0.005 kWh/bird/day was retained. (https://blogs.millersville.edu/aest/2022/05/13/dr-haughery-publishes-research-findings/)","Animals_total_head multiplied by representative live weight, then converted to estimated meat output with the configured carcass-yield proxy.",kg meat (carcass-weight proxy),head,as-fed kg/head/day,as-fed kg/head/day,no diet share data in ESPAC; literature proxy attached from config,"no diet/ration fields found in avian module; literature proxy diet attached from inputs/02-05_espac_lci_coefficients.yml; main feed columns mapped from proxy diet as common compound feed, with no pasture or waste component",meat_poultry,FAO direct,"Broiler feed proxy based on FAO cumulative feed demand of 4 to 6 kg per bird to reach 2 kg live weight by 9 to 12 weeks, converted to an average daily intake.",FAO Rural structures in the tropics - Reports that one broiler grown from day-old chick to 2 kg live weight at 9 to 12 weeks requires 4 to 6 kg feed; the midpoint was annualized to about 0.068 kg/bird/day. (https://www.fao.org/4/s1250e/S1250E0q.htm)
Sierra,milk,(unknown),45,1.0,0.3179893160067111,301.1994801215568,99.72144949970462,,7.413693767470751,0.0741369376747075,301.1994801215568,1.0,7.000000000000001,,,0.040702632448859,0.0,0.2290161566999928,1.2356156279117918,1.090249083451581,0.3270747250354743,0.0,0.0,0.1453665444602108,0.0,0.0,0.0,1.2356156279117918,0.7631743584161068,4.0,6.0,2.0,,60.0,0.6,400.0,2400.0,8.353268069999999,151.34156267999998,,,90.0,0.5,0.0,1.7,100.0,0.0,0.0642857142857143,0.0,90.0,0.0,0.0,10.0,,,10.0,9.0,9.0,0.0,0.0,1.0,0.0,0.0,0.0,0.0,10.0,6.0,100.0,8.353268069999999,3048.94284555,0.1235615627911791,1.0175658112214756,7.12296067855033,8.5,154.0,4.083333333333334,,,,,,,,,,,,,,,,,,,,,,,,,cattle,Mecánico,milking system: Mecánico,ESPAC direct (gl_sistema_ordenio),1 kg FPCM,mixed: direct ESPAC infrastructure + literature proxy water/electricity,infrastructure from ESPAC cattle milking-system field; water/electricity from literature proxy,FAO small-scale dairy manual - Lactating-cow water use increases with dry matter intake and milk output; a reduced 60 L/day proxy was retained for milk rows with unspecified system. (https://www.fao.org/4/t1265e/t1275e01.htm) | Uruguay MGAP dairy intermediate-consumption report - Latin American dairy energy benchmarks were scaled to 0.6 kWh/head/day for milk rows with unspecified system. (https://www.gub.uy/ministerio-ganaderia-agricultura-pesca/sites/ministerio-ganaderia-agricultura-pesca/files/documentos/publicaciones/informe_consumo_intermedio.pdf),Milk liters/day converted to kg FPCM using 0.982737 kg FPCM/L; live-weight-equivalent per kg FPCM is based on total herd live weight divided by total milk output; DFE annualizes this daily output by multiplying by 365.,kg FPCM/day,kg FPCM/7d,as-fed kg/head/day,,"share-based, absolute kg/head/day estimated from configured intake assumption","pasture + supplement shares from ESPAC cattle module; pasture share split across linked cultivated pasture, linked natural pasture, and unmatched residual using holding-level ESPAC pasture areas",,,,
Sierra,milk,beef,691,1.0,0.4436586936925634,305.2697433664427,93.92915180505928,,6.105394867328855,0.0305269743366442,305.2697433664427,1.0,6.414285714285715,,,0.0357572626063226,0.0,0.1061120521209521,0.8140526489771805,0.8140526489771805,0.3256210595908722,0.0,0.0,0.0542701765984787,0.0,0.0,0.0,0.8140526489771805,0.6232590593731537,6.5,8.0,3.0,,60.0,0.3,400.0,3200.0,7.86189936,74.19667521,,,95.0,0.5,0.0,2.0305994901,100.0,0.0,0.0,0.0,90.0,0.0,0.0,10.0,,,8.0,7.6,7.2,0.0,0.0,0.8,0.0,0.0,0.0,0.0,8.0,9.0,100.0,7.86189936,2869.5932664,0.1017565811221475,1.0175658112214756,6.526957846263466,8.0,75.5,4.0,,,,,,,,,,,,,,,,,,,,,,,,,cattle,Mecánico,milking system: nan,ESPAC direct (gl_sistema_ordenio),1 kg FPCM,mixed: direct ESPAC infrastructure + literature proxy water/electricity,infrastructure from ESPAC cattle milking-system field; water/electricity from literature proxy,FAO small-scale dairy manual - Lactating-cow water use increases with dry matter intake and milk output; a reduced 60 L/day proxy was retained for low-intensity milk output in non-dairy systems. (https://www.fao.org/4/t1265e/t1275e01.htm) | Uruguay MGAP dairy intermediate-consumption report - Latin American dairy energy benchmarks were strongly downscaled to 0.3 kWh/head/day for occasional milk handling in beef-oriented systems. (https://www.gub.uy/ministerio-ganaderia-agricultura-pesca/sites/ministerio-ganaderia-agricultura-pesca/files/documentos/publicaciones/informe_consumo_intermedio.pdf),Milk liters/day converted to kg FPCM using 0.982737 kg FPCM/L; live-weight-equivalent per kg FPCM is based on total herd live weight divided by total milk output; DFE annualizes this daily output by multiplying by 365.,kg FPCM/day,kg FPCM/7d,as-fed kg/head/day,,"share-based, absolute kg/head/day estimated from configured intake assumption","pasture + supplement shares from ESPAC cattle module; pasture share split across linked cultivated pasture, linked natural pasture, and unmatched residual using holding-level ESPAC pasture areas",,,,
Sierra,milk,dairy,4191,1.0,0.1088795418006979,171.714230643624,68.6856922574496,,4.197458971288587,0.0953967948020133,171.714230643624,1.0,6.818181818181818,,,0.0284918427142013,0.0,0.053807284661044,0.7631743584161067,0.6105394867328854,0.2900062561981206,0.0,0.0,0.0678377207480983,0.0,0.0,0.0,0.7631743584161067,0.3179893160067111,2.0,6.0,2.0,,66.0,1.5,450.0,2700.0,14.7410613,137.5832388,,,90.0,0.51,0.0,0.975837840121,100.0,0.0,0.08,0.0,80.0,0.0,0.0,10.0,,,12.0,10.8,9.6,0.0,0.0,1.2,0.0,0.0,0.0,0.0,12.0,6.0,100.0,14.7410613,5380.4873745,0.0635978632013422,1.0175658112214756,6.937948712873698,15.0,140.0,6.4,,,,,,,,,,,,,,,,,,,,,,,,,cattle,Mecánico,milking system: Mecánico,ESPAC direct (gl_sistema_ordenio),1 kg FPCM,mixed: direct ESPAC infrastructure + literature proxy water/electricity,infrastructure from ESPAC cattle milking-system field; water/electricity from literature proxy,"FAO small-scale dairy manual - Uses 4 to 6 L water per kg dry matter intake; the worked example for a 300 kg cow producing 10 kg milk/day gives about 66 L/day, adopted here as the milk-row water proxy. (https://www.fao.org/4/t1265e/t1275e01.htm) | FAO Milking, milk collection and transport - Gives wash-water benchmarks for hand, bucket, and pipeline milking plus plate-cooler water loads, supporting a dedicated dairy handling infrastructure proxy. (https://www.fao.org/4/i2433e/i2433e07.pdf) | Uruguay MGAP dairy intermediate-consumption report - Provides Latin American dairy infrastructure energy benchmarks for milking-room electricity and milk cooling; a rounded 1.5 kWh/cow/day proxy was adopted as a moderate regional milking-plus-cooling estimate. (https://www.gub.uy/ministerio-ganaderia-agricultura-pesca/sites/ministerio-ganaderia-agricultura-pesca/files/documentos/publicaciones/informe_consumo_intermedio.pdf)",Milk liters/day converted to kg FPCM using 0.982737 kg FPCM/L; live-weight-equivalent per kg FPCM is based on total herd live weight divided by total milk output; DFE annualizes this daily output by multiplying by 365.,kg FPCM/day,kg FPCM/7d,as-fed kg/head/day,,"share-based, absolute kg/head/day estimated from configured intake assumption","pasture + supplement shares from ESPAC cattle module; pasture share split across linked cultivated pasture, linked natural pasture, and unmatched residual using holding-level ESPAC pasture areas",,,,
Sierra,milk,dual-purpose,1680,1.0,0.4070263244885903,284.9184271420132,81.40526489771806,,4.696457590252965,0.0469645759025296,284.9184271420132,1.0,6.666666666666667,,,0.0859843110482146,0.0,0.1635168189757349,0.7827429317088275,0.6783772074809837,0.3913714658544137,0.0,0.0,0.0678377207480983,0.0,0.0,0.0,0.7827429317088275,0.6280580190139877,5.25,9.0,3.0,,60.0,0.6,400.0,3600.0,11.79284904,122.8421775,,,90.0,1.0,0.0,2.0,100.0,0.0,0.12,0.0,90.0,0.0,0.0,10.0,,,10.0,9.0,9.0,0.0,0.0,1.0,0.0,0.0,0.0,0.0,10.0,9.0,100.0,11.79284904,4304.3898996,0.0782742931708827,1.0175658112214756,6.783772074809837,12.0,125.0,5.0,,,,,,,,,,,,,,,,,,,,,,,,,cattle,Mecánico,milking system: Mecánico,ESPAC direct (gl_sistema_ordenio),1 kg FPCM,mixed: direct ESPAC infrastructure + literature proxy water/electricity,infrastructure from ESPAC cattle milking-system field; water/electricity from literature proxy,FAO small-scale dairy manual - Lactating-cow water use increases with dry matter intake and milk output; a reduced 60 L/day proxy was retained for lower-intensity dual-purpose milk systems. (https://www.fao.org/4/t1265e/t1275e01.htm) | Uruguay MGAP dairy intermediate-consumption report - Latin American dairy energy benchmarks were scaled down to 0.6 kWh/head/day for lower-intensity dual-purpose milk handling. (https://www.gub.uy/ministerio-ganaderia-agricultura-pesca/sites/ministerio-ganaderia-agricultura-pesca/files/documentos/publicaciones/informe_consumo_intermedio.pdf),Milk liters/day converted to kg FPCM using 0.982737 kg FPCM/L; live-weight-equivalent per kg FPCM is based on total herd live weight divided by total milk output; DFE annualizes this daily output by multiplying by 365.,kg FPCM/day,kg FPCM/7d,as-fed kg/head/day,,"share-based, absolute kg/head/day estimated from configured intake assumption","pasture + supplement shares from ESPAC cattle module; pasture share split across linked cultivated pasture, linked natural pasture, and unmatched residual using holding-level ESPAC pasture areas",,,,
Sierra,ovine_live,(all ovine),2092,1.0,0.0113299571260035,2.1739130434782608,,1.0869565217391304,0.0683394239346243,0.0,2.1739130434782608,,,,,,,,0.0114378614795844,0.011392901332259,0.0,0.0,0.011392901332259,4.496014732541076e-05,0.0,0.0,1.0373125265485864e-18,0.0114378614795844,,1.37,4.0,,2.0,7.6,0.0,60.44,241.76,,,,,99.6069182389937,,,,,,,,0.0,0.0,99.6069182389937,0.3930817610062893,0.0,0.0,1.272,1.267,0.0,0.0,1.267,0.005,0.0,0.0,9.069112511985664e-15,1.1535911115245767e-16,1.272,,,111.2096,111.2096,0.0089920294650821,,,,,,0.0114378614795844,0.0089380772882916,0.0024548240439674,0.0,4.496014732541076e-05,1.272,60.44,78.1,21.5,0.0,0.4,0.994,0.273,0.0,0.005,,,,,,,,,,ovine,,grazing ovine holding with shelter and trough,literature/system proxy,1 kg meat (carcass-weight proxy),literature/system proxy,ESPAC livestock modules do not expose direct infrastructure/water/electricity variables for this row; literature/system proxy attached,FAO-linked livestock watering structures guideline - Reports feeder lamb and kid water requirements around 7.6 L/day and adult ewe or doe requirements above that level; 7.6 L/head/day was retained as a conservative live-animal proxy for mixed ovine rows. (https://www.fao.org/fileadmin/user_upload/emergencies/docs/UNEP_FAO_South_Sudan_WH_Structures_guidelines.pdf),"Animals_total_head multiplied by representative live weight, then converted to estimated meat output with the configured carcass-yield proxy.",kg meat (carcass-weight proxy),head,dry-matter kg/head/day,dry-matter kg/head/day,no diet share data in ESPAC; literature proxy attached from config,"no diet/ration fields found in ovine module; literature proxy diet attached from inputs/02-05_espac_lci_coefficients.yml; main feed columns mapped from proxy diet as unmatched pasture for forage plus browse, with mineral or compound feed retained separately",ovine_live,Ecuador composite,Composite Ecuador proxy. Total intake is based on an ovine feeding trial; tree-forage share comes from Acacia mearnsii voluntary intake; mineral intake comes from a Blackbelly sheep grazing study in the Ecuadorian Amazon.,UTA thesis by Erika Esthefanía Lluay Guilcapi (bitstream 32507) - Reports voluntary dry matter intake of 1268.85 g/day in weaned sheep in Ecuador. (https://repositorio.uta.edu.ec/bitstream/123456789/32507/1/Tesis%20182%20Medicina%20Veterinaria%20y%20Zootecnia%20-Lluay%20Guilcapi%20Erika%20Esthefan%C3%ADa.pdf) | Evaluación de la preferencia de consumo de leguminosas arbóreas con potencial forrajero en rumiantes menores - Reports ovine Acacia mearnssi voluntary intake of 272.50 g/kg MS and 12.60 g/kg PV^0.75 at 60.44 kg live weight. (https://repositorio.uta.edu.ec/items/770d67bf-97e2-485a-8227-d941b7f4e1b2) | Effect of Mineral Supplementation on the Macromineral Concentration in Blood in Pre- and Postpartum Blackbelly Sheep - Reports 0.005 kg per animal per day mineral supplementation under free-grazing conditions in the Ecuadorian Amazon. (https://pmc.ncbi.nlm.nih.gov/articles/PMC7401505/)
Sierra,swine_live,(all swine),3021,1.0,0.0197374516130331,1.5151515151515154,,1.5151515151515154,0.0704908986179755,0.0006243479591877,1.5151515151515154,,,,,,,,0.0251753209349912,0.0,0.0,0.0,0.0,0.0050350641869982,0.0100701283739965,0.020140256747993,0.0,0.0251753209349912,,1.87,2.0,,2.0,7.0,0.062,75.23,150.46,,,,,0.0,,,,,,,,0.0,0.0,0.0,20.0,50.0,80.0,2.5,0.0,0.0,0.0,0.0,0.5,1.25,2.0,0.0,0.0,2.5,,,99.3036,99.3036,0.0100701283739965,,,,,,,,,,,,,,,,,,,,,,,,,,,,,,swine,,Ecuador smallholder pigsty or swine pen with feeder and drinker,literature/system proxy,1 kg meat (carcass-weight proxy),literature/system proxy,ESPAC livestock modules do not expose direct infrastructure/water/electricity variables for this row; literature/system proxy attached,"FAO Livestock housing for pigs - Pig water consumption varies by class from about 2.5 L/day at 25 kg to 7.0 L/day at 90 to 120 kg; 7.0 L/head/day was adopted as a practical market-pig proxy for mixed ESPAC swine rows. (https://www.fao.org/3/s1250e/S1250E14.htm) | Caracterización de granjas porcinas de Banasur, Pasaje, El Oro - Provides Ecuador smallholder swine-system context and supports the use of a simple pen-based infrastructure proxy, although it does not provide a clean biological drinking-water factor. (https://polodelconocimiento.com/ojs/index.php/es/article/view/1043/html) | National Hog Farmer study summary - Finishing-barn electricity around 11.2 kWh per finished pig produced was annualized over a 180-day finishing period to derive a daily proxy. (https://www.nationalhogfarmer.com/livestock-management/study-goes-to-pig-barns-to-find-actual-energy-use)","Animals_total_head multiplied by representative live weight, then converted to estimated meat output with the configured carcass-yield proxy.",kg meat (carcass-weight proxy),head,as-fed kg/head/day,,"share-based, absolute kg/head/day estimated from configured intake assumption",common feed + supplement + waste shares from ESPAC swine module,,,,
